ResourceID,brocade.id,card,order,source_field,source_code,Annotation,Annotation Language,Annotation Type,museum,ire.isaar.uuid,source_ire_type,Connected Subject Role,ire.isaar.id,place_au_code,Connected Subject Note,Connected Subject Widget,Connected Subject Identifier,Connected Subject Type,dataset,resource_model,Creation Actor Role,Creation Actor Note,Creation Actor Widget,Creation Actor Identifier,Start Date,End Date,Start Date Type,Start Date Note,Start Date Note Type,Start Date Note Language,Creation Time Span Source Note,Description,Description Type,Description Language,External Relation,External Relation Note,External Relation Note Language,External Relation Note Type,External Relation URL,External Relation URL Prefix,External Relation URL Type,Language,Legacy Information Value,Legacy Information Type,Legacy Information Published,Material Records,Title,Title Type,Title Language,Keeper,Object Number,Object Identifier,Record Type,source_date,Copyright Revision Date,Copyright Type,Transactions
00d08c3f-d02d-5604-bcb4-b1036cf771a6,tg:mpmtk:32,AA,0,,,,,,,,,,,,,,,,,,,,,,,,,,,,,,,,,,,,,,,,,,,,,,,Museum Plantin-Moretus,tg:mpmtk:32,https://data.museumplantinmoretus.be/ark:/11975/00d08c3f-d02d-5604-bcb4-b1036cf771a6,Tekeningen,,,,
00d08c3f-d02d-5604-bcb4-b1036cf771a6,,e73_ChangeHistoryRelations,1,,,,,,,,,,,,,,,,,,,,,,,,,,,,,,,,,,,,,,,,,,,,,,,,,,,,,,"[{""resourceId"": ""4fd76eeb-db9b-45e3-9720-02fbdf95ac50"", ""ontologyProperty"": """", ""resourceXresourceId"": ""60a687f4-170e-44a3-8e35-22ea859a2840"", ""inverseOntologyProperty"": """"}]"
00d08c3f-d02d-5604-bcb4-b1036cf771a6,tg:mpmtk:32,e73_Copyrights,,,,,,,,,,,,,,,,,,,,,,,,,,,,,,,,,,,,,,,,,,,,,,,,,,,,1636,1751,No Copyright - Public Domain Mark 1.0,
00d08c3f-d02d-5604-bcb4-b1036cf771a6,tg:mpmtk:32,e73_CreationActors,,,au::15342,,,,mpm,0dd77f3c-9f4b-591f-96e2-8ae1e7a757d0,ar,,au::15342:1,au::15342g:1,,,,,mpmtk,Iconografie,artists (visual artists),,"dlod={""suggest"":[""/agents/people/1641594"",""au::15342"",""au::15342:1"",""ark:/83110/x0/0dd77f3c-9f4b-591f-96e2-8ae1e7a757d0"",""Erasmus II Quellinus""],""name"":""Erasmus II Quellinus"",""ark"":""ark:/83110/x0/0dd77f3c-9f4b-591f-96e2-8ae1e7a757d0"",""uri"":""/agents/people/1641594"",""id"":""au::15342:1"",""isCapacity"":false}",ark:/83110/x0/0dd77f3c-9f4b-591f-96e2-8ae1e7a757d0,,,,,,,,,,,,,,,,,,,,,,,,,,,,,,,,,
00d08c3f-d02d-5604-bcb4-b1036cf771a6,tg:mpmtk:32,e73_CreationTimeSpanSourceNotes,0,id/date.creationdate/so,,,,,,,,,,,,,,,,,,,,,,,,,,,16360000,,,,,,,,,,,,,,,,,,,,,,,,,,
00d08c3f-d02d-5604-bcb4-b1036cf771a6,tg:mpmtk:32,e73_CreationTimeSpanSourceNotes,1,id/date.creationdate/so,,,,,,,,,,,,,,,,,,,,,,,,,,,16370000,,,,,,,,,,,,,,,,,,,,,,,,,,
00d08c3f-d02d-5604-bcb4-b1036cf771a6,tg:mpmtk:32,e73_CreationTimeSpans,,,,,,,,,,,,,,,,,,,,,,,1636,1637,,,,,,,,,,,,,,,,,,,,,,,,,,,,,,,
00d08c3f-d02d-5604-bcb4-b1036cf771a6,tg:mpmtk:32,e73_Descriptions,,id.desc,,,,,,,,,,,,,,,,,,,,,,,,,,,,"Een gehelmde figuur, die leunt op het wapen van de stad Dole, biedt koning Filips IV de overwinningskrans aan",descriptive note,Nederlands,,,,,,,,,,,,,,,,,,,,,,,
00d08c3f-d02d-5604-bcb4-b1036cf771a6,tg:mpmtk:32,e73_ExternalRelations,1,,,,,,,,,,,,,,,,,,,,,,,,,,,,,,,,ontwerp voor,,,,c:lvd:495262,https://anet.be/record/opacmpm/,zie verder bibliotheekcatalogus Museum Plantin Moretus,,,,,,,,,,,,,,,,
00d08c3f-d02d-5604-bcb4-b1036cf771a6,,e73_LegacyInformation,0,id.objectNumber,,,,,,,,,,,,,,,,,,,,,,,,,,,,,,,,,,,,,,,BE-ANN00/tk/000000015,referentienummer,False,,,,,,,,,,,,
00d08c3f-d02d-5604-bcb4-b1036cf771a6,,e73_LegacyInformation,1,brocade.id,,,,,,,,,,,,,,,,,,,,,,,,,,,,,,,,,,,,,,,tg:mpmtk:32,brocade id,False,,,,,,,,,,,,
00d08c3f-d02d-5604-bcb4-b1036cf771a6,,e73_LegacyInformation,1,brocade.url,,,,,,,,,,,,,,,,,,,,,,,,,,,,,,,,,,,,,,,https://anet.be/record/opacmpmobj/tg:mpmtk:32/N,brocade url,False,,,,,,,,,,,,
00d08c3f-d02d-5604-bcb4-b1036cf771a6,tg:mpmtk:32,e73_MaterialRecords,1,materialRecords,,,,,,,,,,,,,,,,,,,,,,,,,,,,,,,,,,,,,,,,,,"[{""resourceId"": ""499e0b1e-64aa-5b6f-91cc-a40e6e74a0c4"", ""ontologyProperty"": """", ""resourceXresourceId"": ""fcdd6419-ff0b-4a03-9e0e-bf5c03c443fb"", ""inverseOntologyProperty"": """"}]",,,,,,,,,,,
00d08c3f-d02d-5604-bcb4-b1036cf771a6,tg:mpmtk:32,e73_Titles,1,id.title/ti,,,,,,,,,,,,,,,,,,,,,,,,,,,,,,,,,,,,,,,,,,,"Ontwerp voor de titelpagina van Jean Boyvin, Le siege de la ville de Dole",titles proper,Dutch (language),,,,,,,,
251d4f80-80c8-5190-a8e5-e63866de74cd,tg:mpmtk:24,AA,0,,,,,,,,,,,,,,,,,,,,,,,,,,,,,,,,,,,,,,,,,,,,,,,Museum Plantin-Moretus,tg:mpmtk:24,https://data.museumplantinmoretus.be/ark:/11975/251d4f80-80c8-5190-a8e5-e63866de74cd,Tekeningen,,,,
251d4f80-80c8-5190-a8e5-e63866de74cd,tg:mpmtk:24,e73_AnnotationsImmaterial,1,note.mpmalg,"<p>Seraphinorum fervor&quot; en &quot;Cherubinorum scientia&quot; in banderoles links en rechts van Maria</p>
","<p>Seraphinorum fervor&quot; en &quot;Cherubinorum scientia&quot; in banderoles links en rechts van Maria</p>
",Nederlands,remarks,,,,,,,,,,,,,,,,,,,,,,,,,,,,,,,,,,,,,,,,,,,,,,,,,
251d4f80-80c8-5190-a8e5-e63866de74cd,,e73_ChangeHistoryRelations,1,,,,,,,,,,,,,,,,,,,,,,,,,,,,,,,,,,,,,,,,,,,,,,,,,,,,,,"[{""resourceId"": ""57907e61-ccf6-4218-b7ba-74128ec1e981"", ""ontologyProperty"": """", ""resourceXresourceId"": ""cdf6c5aa-4d06-461d-a876-324787767245"", ""inverseOntologyProperty"": """"}]"
251d4f80-80c8-5190-a8e5-e63866de74cd,tg:mpmtk:24,e73_Copyrights,,,,,,,,,,,,,,,,,,,,,,,,,,,,,,,,,,,,,,,,,,,,,,,,,,,,1605,1720,No Copyright - Public Domain Mark 1.0,
251d4f80-80c8-5190-a8e5-e63866de74cd,tg:mpmtk:24,e73_CreationActors,,,au::13830,,,,mpm,4c2593ff-6f39-5958-b785-bfb49d6cc786,ar,,au::13830:1,au::13830g:1,,,,,mpmtk,Iconografie,artists (visual artists),AVN monogram midden onderaan,"dlod={""suggest"":[""/agents/people/1479810"",""au::13830"",""au::13830:1"",""ark:/83110/x0/4c2593ff-6f39-5958-b785-bfb49d6cc786"",""Adam van Noort""],""name"":""Adam van Noort"",""ark"":""ark:/83110/x0/4c2593ff-6f39-5958-b785-bfb49d6cc786"",""uri"":""/agents/people/1479810"",""id"":""au::13830:1"",""isCapacity"":false}",ark:/83110/x0/4c2593ff-6f39-5958-b785-bfb49d6cc786,,,,,,,,,,,,,,,,,,,,,,,,,,,,,,,,,
251d4f80-80c8-5190-a8e5-e63866de74cd,tg:mpmtk:24,e73_CreationTimeSpanSourceNotes,0,id/date.creationdate/so,,,,,,,,,,,,,,,,,,,,,,,,,,,16050000,,,,,,,,,,,,,,,,,,,,,,,,,,
251d4f80-80c8-5190-a8e5-e63866de74cd,tg:mpmtk:24,e73_CreationTimeSpanSourceNotes,1,id/date.creationdate/so,,,,,,,,,,,,,,,,,,,,,,,,,,,16090000,,,,,,,,,,,,,,,,,,,,,,,,,,
251d4f80-80c8-5190-a8e5-e63866de74cd,tg:mpmtk:24,e73_CreationTimeSpans,,,,,,,,,,,,,,,,,,,,,,,1605,1609,,,,,,,,,,,,,,,,,,,,,,,,,,,,,,,
251d4f80-80c8-5190-a8e5-e63866de74cd,tg:mpmtk:24,e73_Descriptions,,id.desc,,,,,,,,,,,,,,,,,,,,,,,,,,,,Maria op een troon omringd door engelen,descriptive note,Nederlands,,,,,,,,,,,,,,,,,,,,,,,
251d4f80-80c8-5190-a8e5-e63866de74cd,tg:mpmtk:24,e73_ExternalRelations,1,,,,,,,,,,,,,,,,,,,,,,,,,,,,,,,,gerelateerde publicatie,p. 346,Nederlands,remarks,c:lvd:839899,https://anet.be/record/opacmpm/,zie verder bibliotheekcatalogus Museum Plantin Moretus,,,,,,,,,,,,,,,,
251d4f80-80c8-5190-a8e5-e63866de74cd,,e73_LegacyInformation,0,id.objectNumber,,,,,,,,,,,,,,,,,,,,,,,,,,,,,,,,,,,,,,,BE-ANN00/tk/000000009,referentienummer,False,,,,,,,,,,,,
251d4f80-80c8-5190-a8e5-e63866de74cd,,e73_LegacyInformation,1,brocade.id,,,,,,,,,,,,,,,,,,,,,,,,,,,,,,,,,,,,,,,tg:mpmtk:24,brocade id,False,,,,,,,,,,,,
251d4f80-80c8-5190-a8e5-e63866de74cd,,e73_LegacyInformation,1,brocade.url,,,,,,,,,,,,,,,,,,,,,,,,,,,,,,,,,,,,,,,https://anet.be/record/opacmpmobj/tg:mpmtk:24/N,brocade url,False,,,,,,,,,,,,
251d4f80-80c8-5190-a8e5-e63866de74cd,tg:mpmtk:24,e73_MaterialRecords,1,materialRecords,,,,,,,,,,,,,,,,,,,,,,,,,,,,,,,,,,,,,,,,,,"[{""resourceId"": ""f7b959e3-1609-5a91-8d2f-57b2f02f87bb"", ""ontologyProperty"": """", ""resourceXresourceId"": ""a96cffa3-c704-4fad-85df-6b49fe3cfe8b"", ""inverseOntologyProperty"": """"}]",,,,,,,,,,,
251d4f80-80c8-5190-a8e5-e63866de74cd,tg:mpmtk:24,e73_Titles,1,id.title/ti,,,,,,,,,,,,,,,,,,,,,,,,,,,,,,,,,,,,,,,,,,,Maria op een troon omringd door engelen,titles proper,Dutch (language),,,,,,,,
3d7a61cb-2404-5110-ae89-8b5ff60be96b,tg:mpmtk:11,AA,0,,,,,,,,,,,,,,,,,,,,,,,,,,,,,,,,,,,,,,,,,,,,,,,Museum Plantin-Moretus,tg:mpmtk:11,https://data.museumplantinmoretus.be/ark:/11975/3d7a61cb-2404-5110-ae89-8b5ff60be96b,Tekeningen,,,,
3d7a61cb-2404-5110-ae89-8b5ff60be96b,,e73_ChangeHistoryRelations,1,,,,,,,,,,,,,,,,,,,,,,,,,,,,,,,,,,,,,,,,,,,,,,,,,,,,,,"[{""resourceId"": ""4fee1794-f473-4314-bd99-9fd153436048"", ""ontologyProperty"": """", ""resourceXresourceId"": ""c764bce5-6fb9-42d8-a277-7de63b5e1a34"", ""inverseOntologyProperty"": """"}]"
3d7a61cb-2404-5110-ae89-8b5ff60be96b,tg:mpmtk:11,e73_ConnectedSubjects,,,au::11670,,,,mpm,563cf60b-2fc4-505a-aae5-fbd8122909d5,ow,subjects (content of works),au::11670:1,au::11670g:1,,"dlod={""suggest"":[""/agents/people/1248690"",""au::11670"",""au::11670:1"",""ark:/83110/x0/563cf60b-2fc4-505a-aae5-fbd8122909d5"",""Justus Lipsius""],""name"":""Justus Lipsius"",""ark"":""ark:/83110/x0/563cf60b-2fc4-505a-aae5-fbd8122909d5"",""uri"":""/agents/people/1248690"",""id"":""au::11670:1"",""isCapacity"":false}",ark:/83110/x0/563cf60b-2fc4-505a-aae5-fbd8122909d5,agent,,,,,,,,,,,,,,,,,,,,,,,,,,,,,,,,,,,,,,,
3d7a61cb-2404-5110-ae89-8b5ff60be96b,tg:mpmtk:11,e73_Copyrights,,,,,,,,,,,,,,,,,,,,,,,,,,,,,,,,,,,,,,,,,,,,,,,,,,,,1606,1721,No Copyright - Public Domain Mark 1.0,
3d7a61cb-2404-5110-ae89-8b5ff60be96b,tg:mpmtk:11,e73_CreationActors,,,au::108212,,,,mpm,50d2268a-3bf7-5f73-827f-ffeb1016b259,ar,,au::108212:1,au::108212g:1,,,,,mpmtk,Iconografie,artists (visual artists),Vermoedelijke kunstenaar,"dlod={""suggest"":[""/agents/people/11578684"",""au::108212"",""au::108212:1"",""ark:/83110/x0/50d2268a-3bf7-5f73-827f-ffeb1016b259"",""Melchior Moretus""],""name"":""Melchior Moretus"",""ark"":""ark:/83110/x0/50d2268a-3bf7-5f73-827f-ffeb1016b259"",""uri"":""/agents/people/11578684"",""id"":""au::108212:1"",""isCapacity"":false}",ark:/83110/x0/50d2268a-3bf7-5f73-827f-ffeb1016b259,,,,,,,,,,,,,,,,,,,,,,,,,,,,,,,,,
3d7a61cb-2404-5110-ae89-8b5ff60be96b,tg:mpmtk:11,e73_CreationTimeSpanSourceNotes,0,id/date.creationdate/so,,,,,,,,,,,,,,,,,,,,,,,,,,,16060000,,,,,,,,,,,,,,,,,,,,,,,,,,
3d7a61cb-2404-5110-ae89-8b5ff60be96b,tg:mpmtk:11,e73_CreationTimeSpans,,,,,,,,,,,,,,,,,,,,,,,1606,,circa,Justus Lipsius overleed in 1606,creation date note,Nederlands,,,,,,,,,,,,,,,,,,,,,,,,,,,
3d7a61cb-2404-5110-ae89-8b5ff60be96b,tg:mpmtk:11,e73_Descriptions,,id.desc,,,,,,,,,,,,,,,,,,,,,,,,,,,,Allegorische schets van Justus Lipsius op zijn sterfbed,descriptive note,Nederlands,,,,,,,,,,,,,,,,,,,,,,,
3d7a61cb-2404-5110-ae89-8b5ff60be96b,tg:mpmtk:11,e73_ExternalRelations,1,,,,,,,,,,,,,,,,,,,,,,,,,,,,,,,,gerelateerde publicatie,TEK 591 / Cat. 151,Nederlands,remarks,c:lvd:6157678,https://anet.be/record/opacmpm/,zie verder bibliotheekcatalogus Museum Plantin Moretus,,,,,,,,,,,,,,,,
3d7a61cb-2404-5110-ae89-8b5ff60be96b,tg:mpmtk:11,e73_ExternalRelations,2,,,,,,,,,,,,,,,,,,,,,,,,,,,,,,,,gerelateerde publicatie,GVd 25,Nederlands,remarks,c:lvd:1276,https://anet.be/record/opacmpm/,zie verder bibliotheekcatalogus Museum Plantin Moretus,,,,,,,,,,,,,,,,
3d7a61cb-2404-5110-ae89-8b5ff60be96b,tg:mpmtk:11,e73_ExternalRelations,3,,,,,,,,,,,,,,,,,,,,,,,,,,,,,,,,gerelateerde publicatie,nr. 95,Nederlands,remarks,c:lvd:1096796,https://anet.be/record/opacmpm/,zie verder bibliotheekcatalogus Museum Plantin Moretus,,,,,,,,,,,,,,,,
3d7a61cb-2404-5110-ae89-8b5ff60be96b,tg:mpmtk:11,e73_ExternalRelations,4,,,,,,,,,,,,,,,,,,,,,,,,,,,,,,,,online catalogs,,,,207765,https://search.museumplantinmoretus.be/,Link naar record in search.museumplantinmoretus.be,,,,,,,,,,,,,,,,
3d7a61cb-2404-5110-ae89-8b5ff60be96b,tg:mpmtk:11,e73_Languages,1,kenmerken.mpmlanguage,lat,,,,,,,,,,,,,,,,,,,,,,,,,,,,,,,,,,,,,Latin (language),,,,,,,,,,,,,,,
3d7a61cb-2404-5110-ae89-8b5ff60be96b,,e73_LegacyInformation,0,id.objectNumber,,,,,,,,,,,,,,,,,,,,,,,,,,,,,,,,,,,,,,,BE-ANN00/tk/000000003,referentienummer,False,,,,,,,,,,,,
3d7a61cb-2404-5110-ae89-8b5ff60be96b,,e73_LegacyInformation,1,brocade.id,,,,,,,,,,,,,,,,,,,,,,,,,,,,,,,,,,,,,,,tg:mpmtk:11,brocade id,False,,,,,,,,,,,,
3d7a61cb-2404-5110-ae89-8b5ff60be96b,,e73_LegacyInformation,1,brocade.url,,,,,,,,,,,,,,,,,,,,,,,,,,,,,,,,,,,,,,,https://anet.be/record/opacmpmobj/tg:mpmtk:11/N,brocade url,False,,,,,,,,,,,,
3d7a61cb-2404-5110-ae89-8b5ff60be96b,tg:mpmtk:11,e73_MaterialRecords,1,materialRecords,,,,,,,,,,,,,,,,,,,,,,,,,,,,,,,,,,,,,,,,,,"[{""resourceId"": ""d1e34e67-207a-52e4-97d1-3dec92f7b7d2"", ""ontologyProperty"": """", ""resourceXresourceId"": ""e1fa8f4f-9985-4abf-aae0-8cc478b46623"", ""inverseOntologyProperty"": """"}]",,,,,,,,,,,
3d7a61cb-2404-5110-ae89-8b5ff60be96b,tg:mpmtk:11,e73_Titles,1,id.title/ti,,,,,,,,,,,,,,,,,,,,,,,,,,,,,,,,,,,,,,,,,,,Coenotaphium Justi Lipsii catholici regis historiographi,titles proper,Latin (language),,,,,,,,
5355e3fa-7908-52d1-9652-e164ac0c8c43,tg:mpmtk:34,AA,0,,,,,,,,,,,,,,,,,,,,,,,,,,,,,,,,,,,,,,,,,,,,,,,Museum Plantin-Moretus,tg:mpmtk:34,https://data.museumplantinmoretus.be/ark:/11975/5355e3fa-7908-52d1-9652-e164ac0c8c43,Tekeningen,,,,
5355e3fa-7908-52d1-9652-e164ac0c8c43,,e73_ChangeHistoryRelations,1,,,,,,,,,,,,,,,,,,,,,,,,,,,,,,,,,,,,,,,,,,,,,,,,,,,,,,"[{""resourceId"": ""6984b975-6047-4f91-985d-92646ad8ffa9"", ""ontologyProperty"": """", ""resourceXresourceId"": ""b7852888-c97f-46fb-8bd5-b2263d1ae893"", ""inverseOntologyProperty"": """"}]"
5355e3fa-7908-52d1-9652-e164ac0c8c43,tg:mpmtk:34,e73_Copyrights,,,,,,,,,,,,,,,,,,,,,,,,,,,,,,,,,,,,,,,,,,,,,,,,,,,,1637,1752,No Copyright - Public Domain Mark 1.0,
5355e3fa-7908-52d1-9652-e164ac0c8c43,tg:mpmtk:34,e73_CreationActors,,,au::15342,,,,mpm,0dd77f3c-9f4b-591f-96e2-8ae1e7a757d0,ar,,au::15342:1,au::15342g:1,,,,,mpmtk,Iconografie,artists (visual artists),,"dlod={""suggest"":[""/agents/people/1641594"",""au::15342"",""au::15342:1"",""ark:/83110/x0/0dd77f3c-9f4b-591f-96e2-8ae1e7a757d0"",""Erasmus II Quellinus""],""name"":""Erasmus II Quellinus"",""ark"":""ark:/83110/x0/0dd77f3c-9f4b-591f-96e2-8ae1e7a757d0"",""uri"":""/agents/people/1641594"",""id"":""au::15342:1"",""isCapacity"":false}",ark:/83110/x0/0dd77f3c-9f4b-591f-96e2-8ae1e7a757d0,,,,,,,,,,,,,,,,,,,,,,,,,,,,,,,,,
5355e3fa-7908-52d1-9652-e164ac0c8c43,tg:mpmtk:34,e73_CreationTimeSpanSourceNotes,0,id/date.creationdate/so,,,,,,,,,,,,,,,,,,,,,,,,,,,16370000,,,,,,,,,,,,,,,,,,,,,,,,,,
5355e3fa-7908-52d1-9652-e164ac0c8c43,tg:mpmtk:34,e73_CreationTimeSpanSourceNotes,1,id/date.creationdate/so,,,,,,,,,,,,,,,,,,,,,,,,,,,16380000,,,,,,,,,,,,,,,,,,,,,,,,,,
5355e3fa-7908-52d1-9652-e164ac0c8c43,tg:mpmtk:34,e73_CreationTimeSpans,,,,,,,,,,,,,,,,,,,,,,,1637,1638,,,,,,,,,,,,,,,,,,,,,,,,,,,,,,,
5355e3fa-7908-52d1-9652-e164ac0c8c43,tg:mpmtk:34,e73_Descriptions,,id.desc,,,,,,,,,,,,,,,,,,,,,,,,,,,,Een gelauwerde figuur zit op een troon en wijst op soldaten die worden toegesproken,descriptive note,Nederlands,,,,,,,,,,,,,,,,,,,,,,,
5355e3fa-7908-52d1-9652-e164ac0c8c43,tg:mpmtk:34,e73_ExternalRelations,1,,,,,,,,,,,,,,,,,,,,,,,,,,,,,,,,ontwerp voor,,,,c:lvd:632549,https://anet.be/record/opacmpm/,zie verder bibliotheekcatalogus Museum Plantin Moretus,,,,,,,,,,,,,,,,
5355e3fa-7908-52d1-9652-e164ac0c8c43,,e73_LegacyInformation,0,id.objectNumber,,,,,,,,,,,,,,,,,,,,,,,,,,,,,,,,,,,,,,,BE-ANN00/tk/000000017,referentienummer,False,,,,,,,,,,,,
5355e3fa-7908-52d1-9652-e164ac0c8c43,,e73_LegacyInformation,1,brocade.id,,,,,,,,,,,,,,,,,,,,,,,,,,,,,,,,,,,,,,,tg:mpmtk:34,brocade id,False,,,,,,,,,,,,
5355e3fa-7908-52d1-9652-e164ac0c8c43,,e73_LegacyInformation,1,brocade.url,,,,,,,,,,,,,,,,,,,,,,,,,,,,,,,,,,,,,,,https://anet.be/record/opacmpmobj/tg:mpmtk:34/N,brocade url,False,,,,,,,,,,,,
5355e3fa-7908-52d1-9652-e164ac0c8c43,tg:mpmtk:34,e73_MaterialRecords,1,materialRecords,,,,,,,,,,,,,,,,,,,,,,,,,,,,,,,,,,,,,,,,,,"[{""resourceId"": ""8e9ab46a-1948-5000-b52e-1e56003b44bc"", ""ontologyProperty"": """", ""resourceXresourceId"": ""d7606955-2d0a-4a8a-a72e-bf8b44e892b2"", ""inverseOntologyProperty"": """"}]",,,,,,,,,,,
5355e3fa-7908-52d1-9652-e164ac0c8c43,tg:mpmtk:34,e73_Titles,1,id.title/ti,,,,,,,,,,,,,,,,,,,,,,,,,,,,,,,,,,,,,,,,,,,"Ontwerp voor de titelpagina van Vincentius Guinisius, Allocutiones gymnasticae",titles proper,Dutch (language),,,,,,,,
5edba65c-caf2-5dc7-9e43-46f5e4ddcb0a,tg:mpmtk:28,AA,0,,,,,,,,,,,,,,,,,,,,,,,,,,,,,,,,,,,,,,,,,,,,,,,Museum Plantin-Moretus,tg:mpmtk:28,https://data.museumplantinmoretus.be/ark:/11975/5edba65c-caf2-5dc7-9e43-46f5e4ddcb0a,Tekeningen,,,,
5edba65c-caf2-5dc7-9e43-46f5e4ddcb0a,,e73_ChangeHistoryRelations,1,,,,,,,,,,,,,,,,,,,,,,,,,,,,,,,,,,,,,,,,,,,,,,,,,,,,,,"[{""resourceId"": ""cc830c93-05cd-408a-a177-e3f8ff3a4059"", ""ontologyProperty"": """", ""resourceXresourceId"": ""7cec2129-853c-4526-b705-7f0662dedc5a"", ""inverseOntologyProperty"": """"}]"
5edba65c-caf2-5dc7-9e43-46f5e4ddcb0a,tg:mpmtk:28,e73_Copyrights,,,,,,,,,,,,,,,,,,,,,,,,,,,,,,,,,,,,,,,,,,,,,,,,,,,,1623,1738,No Copyright - Public Domain Mark 1.0,
5edba65c-caf2-5dc7-9e43-46f5e4ddcb0a,tg:mpmtk:28,e73_CreationTimeSpanSourceNotes,0,id/date.creationdate/so,,,,,,,,,,,,,,,,,,,,,,,,,,,16230000,,,,,,,,,,,,,,,,,,,,,,,,,,
5edba65c-caf2-5dc7-9e43-46f5e4ddcb0a,tg:mpmtk:28,e73_CreationTimeSpans,,,,,,,,,,,,,,,,,,,,,,,1623,,,,,,,,,,,,,,,,,,,,,,,,,,,,,,,,
5edba65c-caf2-5dc7-9e43-46f5e4ddcb0a,tg:mpmtk:28,e73_Descriptions,,id.desc,,,,,,,,,,,,,,,,,,,,,,,,,,,,Ontwerp voor het portret van Lotharius II van Lorreinen,descriptive note,Nederlands,,,,,,,,,,,,,,,,,,,,,,,
5edba65c-caf2-5dc7-9e43-46f5e4ddcb0a,,e73_LegacyInformation,0,id.objectNumber,,,,,,,,,,,,,,,,,,,,,,,,,,,,,,,,,,,,,,,BE-ANN00/tk/000000012,referentienummer,False,,,,,,,,,,,,
5edba65c-caf2-5dc7-9e43-46f5e4ddcb0a,,e73_LegacyInformation,1,brocade.id,,,,,,,,,,,,,,,,,,,,,,,,,,,,,,,,,,,,,,,tg:mpmtk:28,brocade id,False,,,,,,,,,,,,
5edba65c-caf2-5dc7-9e43-46f5e4ddcb0a,,e73_LegacyInformation,1,brocade.url,,,,,,,,,,,,,,,,,,,,,,,,,,,,,,,,,,,,,,,https://anet.be/record/opacmpmobj/tg:mpmtk:28/N,brocade url,False,,,,,,,,,,,,
5edba65c-caf2-5dc7-9e43-46f5e4ddcb0a,tg:mpmtk:28,e73_MaterialRecords,1,materialRecords,,,,,,,,,,,,,,,,,,,,,,,,,,,,,,,,,,,,,,,,,,"[{""resourceId"": ""5bab3548-b070-576a-a984-24465d558e3a"", ""ontologyProperty"": """", ""resourceXresourceId"": ""f2beb909-68b9-4abe-9cec-52709ec9a7c6"", ""inverseOntologyProperty"": """"}]",,,,,,,,,,,
5edba65c-caf2-5dc7-9e43-46f5e4ddcb0a,tg:mpmtk:28,e73_Titles,1,id.title/ti,,,,,,,,,,,,,,,,,,,,,,,,,,,,,,,,,,,,,,,,,,,Ontwerptekening met het portret van Lotharius II van Lorreinen,titles proper,Dutch (language),,,,,,,,
6e00a7bd-8a35-5967-8fa7-543a30c85074,tg:mpmtk:29,AA,0,,,,,,,,,,,,,,,,,,,,,,,,,,,,,,,,,,,,,,,,,,,,,,,Museum Plantin-Moretus,tg:mpmtk:29,https://data.museumplantinmoretus.be/ark:/11975/6e00a7bd-8a35-5967-8fa7-543a30c85074,Tekeningen,,,,
6e00a7bd-8a35-5967-8fa7-543a30c85074,,e73_ChangeHistoryRelations,1,,,,,,,,,,,,,,,,,,,,,,,,,,,,,,,,,,,,,,,,,,,,,,,,,,,,,,"[{""resourceId"": ""9b6b54b6-4eb7-48f6-8482-def76156f647"", ""ontologyProperty"": """", ""resourceXresourceId"": ""76542723-78b0-4c5b-b4fc-b11ba6d3d69a"", ""inverseOntologyProperty"": """"}]"
6e00a7bd-8a35-5967-8fa7-543a30c85074,tg:mpmtk:29,e73_Copyrights,,,,,,,,,,,,,,,,,,,,,,,,,,,,,,,,,,,,,,,,,,,,,,,,,,,,1623,1738,No Copyright - Public Domain Mark 1.0,
6e00a7bd-8a35-5967-8fa7-543a30c85074,tg:mpmtk:29,e73_CreationTimeSpanSourceNotes,0,id/date.creationdate/so,,,,,,,,,,,,,,,,,,,,,,,,,,,16230000,,,,,,,,,,,,,,,,,,,,,,,,,,
6e00a7bd-8a35-5967-8fa7-543a30c85074,tg:mpmtk:29,e73_CreationTimeSpans,,,,,,,,,,,,,,,,,,,,,,,1623,,,,,,,,,,,,,,,,,,,,,,,,,,,,,,,,
6e00a7bd-8a35-5967-8fa7-543a30c85074,tg:mpmtk:29,e73_Descriptions,,id.desc,,,,,,,,,,,,,,,,,,,,,,,,,,,,Ontwerp voor het portret van Lodewijk en Karloman van Lorreinen,descriptive note,Nederlands,,,,,,,,,,,,,,,,,,,,,,,
6e00a7bd-8a35-5967-8fa7-543a30c85074,,e73_LegacyInformation,0,id.objectNumber,,,,,,,,,,,,,,,,,,,,,,,,,,,,,,,,,,,,,,,BE-ANN00/tk/000000013,referentienummer,False,,,,,,,,,,,,
6e00a7bd-8a35-5967-8fa7-543a30c85074,,e73_LegacyInformation,1,brocade.id,,,,,,,,,,,,,,,,,,,,,,,,,,,,,,,,,,,,,,,tg:mpmtk:29,brocade id,False,,,,,,,,,,,,
6e00a7bd-8a35-5967-8fa7-543a30c85074,,e73_LegacyInformation,1,brocade.url,,,,,,,,,,,,,,,,,,,,,,,,,,,,,,,,,,,,,,,https://anet.be/record/opacmpmobj/tg:mpmtk:29/N,brocade url,False,,,,,,,,,,,,
6e00a7bd-8a35-5967-8fa7-543a30c85074,tg:mpmtk:29,e73_MaterialRecords,1,materialRecords,,,,,,,,,,,,,,,,,,,,,,,,,,,,,,,,,,,,,,,,,,"[{""resourceId"": ""71c29626-cc06-5877-8867-f3a93b17dd9f"", ""ontologyProperty"": """", ""resourceXresourceId"": ""80813c89-680e-43bd-b5b3-2b0e472fcbab"", ""inverseOntologyProperty"": """"}]",,,,,,,,,,,
6e00a7bd-8a35-5967-8fa7-543a30c85074,tg:mpmtk:29,e73_Titles,1,id.title/ti,,,,,,,,,,,,,,,,,,,,,,,,,,,,,,,,,,,,,,,,,,,Ontwerptekening voor het portret van Lodewijk en Karloman van Lorreinen,titles proper,Dutch (language),,,,,,,,
7179bdd9-690d-53ab-a1bf-99848c8138b2,tg:mpmtk:36,AA,0,,,,,,,,,,,,,,,,,,,,,,,,,,,,,,,,,,,,,,,,,,,,,,,Museum Plantin-Moretus,tg:mpmtk:36,https://data.museumplantinmoretus.be/ark:/11975/7179bdd9-690d-53ab-a1bf-99848c8138b2,Tekeningen,,,,
7179bdd9-690d-53ab-a1bf-99848c8138b2,tg:mpmtk:36,e73_AnnotationsImmaterial,2,note.mpmalg,"<p>Op de keerzijde aantekeningen van Balthasar Moretus en Lobkowitz</p>
","<p>Op de keerzijde aantekeningen van Balthasar Moretus en Lobkowitz</p>
",Nederlands,remarks,,,,,,,,,,,,,,,,,,,,,,,,,,,,,,,,,,,,,,,,,,,,,,,,,
7179bdd9-690d-53ab-a1bf-99848c8138b2,,e73_ChangeHistoryRelations,1,,,,,,,,,,,,,,,,,,,,,,,,,,,,,,,,,,,,,,,,,,,,,,,,,,,,,,"[{""resourceId"": ""ed5d4a47-be0e-48a6-bfd3-dda40797806a"", ""ontologyProperty"": """", ""resourceXresourceId"": ""c8e14771-fc45-44b2-87fb-e65654ba4f08"", ""inverseOntologyProperty"": """"}]"
7179bdd9-690d-53ab-a1bf-99848c8138b2,tg:mpmtk:36,e73_Copyrights,,,,,,,,,,,,,,,,,,,,,,,,,,,,,,,,,,,,,,,,,,,,,,,,,,,,1638,1753,No Copyright - Public Domain Mark 1.0,
7179bdd9-690d-53ab-a1bf-99848c8138b2,tg:mpmtk:36,e73_CreationActors,,,au::15342,,,,mpm,0dd77f3c-9f4b-591f-96e2-8ae1e7a757d0,ar,,au::15342:1,au::15342g:1,,,,,mpmtk,Iconografie,artists (visual artists),,"dlod={""suggest"":[""/agents/people/1641594"",""au::15342"",""au::15342:1"",""ark:/83110/x0/0dd77f3c-9f4b-591f-96e2-8ae1e7a757d0"",""Erasmus II Quellinus""],""name"":""Erasmus II Quellinus"",""ark"":""ark:/83110/x0/0dd77f3c-9f4b-591f-96e2-8ae1e7a757d0"",""uri"":""/agents/people/1641594"",""id"":""au::15342:1"",""isCapacity"":false}",ark:/83110/x0/0dd77f3c-9f4b-591f-96e2-8ae1e7a757d0,,,,,,,,,,,,,,,,,,,,,,,,,,,,,,,,,
7179bdd9-690d-53ab-a1bf-99848c8138b2,tg:mpmtk:36,e73_CreationTimeSpanSourceNotes,0,id/date.creationdate/so,,,,,,,,,,,,,,,,,,,,,,,,,,,16380000,,,,,,,,,,,,,,,,,,,,,,,,,,
7179bdd9-690d-53ab-a1bf-99848c8138b2,tg:mpmtk:36,e73_CreationTimeSpanSourceNotes,1,id/date.creationdate/so,,,,,,,,,,,,,,,,,,,,,,,,,,,16390000,,,,,,,,,,,,,,,,,,,,,,,,,,
7179bdd9-690d-53ab-a1bf-99848c8138b2,tg:mpmtk:36,e73_CreationTimeSpans,,,,,,,,,,,,,,,,,,,,,,,1638,1639,,,,,,,,,,,,,,,,,,,,,,,,,,,,,,,
7179bdd9-690d-53ab-a1bf-99848c8138b2,tg:mpmtk:36,e73_Descriptions,,id.desc,,,,,,,,,,,,,,,,,,,,,,,,,,,,Een leeuw vecht met een draak boven een schijf die de aarde voorstelt,descriptive note,Nederlands,,,,,,,,,,,,,,,,,,,,,,,
7179bdd9-690d-53ab-a1bf-99848c8138b2,tg:mpmtk:36,e73_ExternalRelations,1,,,,,,,,,,,,,,,,,,,,,,,,,,,,,,,,ontwerp voor,,,,c:lvd:517673,https://anet.be/record/opacmpm/,zie verder bibliotheekcatalogus Museum Plantin Moretus,,,,,,,,,,,,,,,,
7179bdd9-690d-53ab-a1bf-99848c8138b2,,e73_LegacyInformation,0,id.objectNumber,,,,,,,,,,,,,,,,,,,,,,,,,,,,,,,,,,,,,,,BE-ANN00/tk/000000019,referentienummer,False,,,,,,,,,,,,
7179bdd9-690d-53ab-a1bf-99848c8138b2,,e73_LegacyInformation,1,brocade.id,,,,,,,,,,,,,,,,,,,,,,,,,,,,,,,,,,,,,,,tg:mpmtk:36,brocade id,False,,,,,,,,,,,,
7179bdd9-690d-53ab-a1bf-99848c8138b2,,e73_LegacyInformation,1,brocade.url,,,,,,,,,,,,,,,,,,,,,,,,,,,,,,,,,,,,,,,https://anet.be/record/opacmpmobj/tg:mpmtk:36/N,brocade url,False,,,,,,,,,,,,
7179bdd9-690d-53ab-a1bf-99848c8138b2,tg:mpmtk:36,e73_MaterialRecords,1,materialRecords,,,,,,,,,,,,,,,,,,,,,,,,,,,,,,,,,,,,,,,,,,"[{""resourceId"": ""8728bea8-6a2c-5026-94f0-c46e37d67921"", ""ontologyProperty"": """", ""resourceXresourceId"": ""07eefaac-b108-4ced-81ef-620e03fad665"", ""inverseOntologyProperty"": """"}]",,,,,,,,,,,
7179bdd9-690d-53ab-a1bf-99848c8138b2,tg:mpmtk:36,e73_Titles,1,id.title/ti,,,,,,,,,,,,,,,,,,,,,,,,,,,,,,,,,,,,,,,,,,,"Ontwerp voor de titelpagina van Joannes Caramuel Lobkowitz, Philippus prudens",titles proper,Dutch (language),,,,,,,,
74b9c944-ebb8-5b59-8018-fd6f0bdd6a26,tg:mpmtk:37,AA,0,,,,,,,,,,,,,,,,,,,,,,,,,,,,,,,,,,,,,,,,,,,,,,,Museum Plantin-Moretus,tg:mpmtk:37,https://data.museumplantinmoretus.be/ark:/11975/74b9c944-ebb8-5b59-8018-fd6f0bdd6a26,Tekeningen,,,,
74b9c944-ebb8-5b59-8018-fd6f0bdd6a26,,e73_ChangeHistoryRelations,1,,,,,,,,,,,,,,,,,,,,,,,,,,,,,,,,,,,,,,,,,,,,,,,,,,,,,,"[{""resourceId"": ""d0ed82e8-e74a-494a-ab45-5e5c98056781"", ""ontologyProperty"": """", ""resourceXresourceId"": ""bab00e19-8bd1-45c0-9dab-bcf7e12c3841"", ""inverseOntologyProperty"": """"}]"
74b9c944-ebb8-5b59-8018-fd6f0bdd6a26,tg:mpmtk:37,e73_Copyrights,,,,,,,,,,,,,,,,,,,,,,,,,,,,,,,,,,,,,,,,,,,,,,,,,,,,1638,1753,No Copyright - Public Domain Mark 1.0,
74b9c944-ebb8-5b59-8018-fd6f0bdd6a26,tg:mpmtk:37,e73_CreationActors,,,au::15342,,,,mpm,0dd77f3c-9f4b-591f-96e2-8ae1e7a757d0,ar,,au::15342:1,au::15342g:1,,,,,mpmtk,Iconografie,artists (visual artists),,"dlod={""suggest"":[""/agents/people/1641594"",""au::15342"",""au::15342:1"",""ark:/83110/x0/0dd77f3c-9f4b-591f-96e2-8ae1e7a757d0"",""Erasmus II Quellinus""],""name"":""Erasmus II Quellinus"",""ark"":""ark:/83110/x0/0dd77f3c-9f4b-591f-96e2-8ae1e7a757d0"",""uri"":""/agents/people/1641594"",""id"":""au::15342:1"",""isCapacity"":false}",ark:/83110/x0/0dd77f3c-9f4b-591f-96e2-8ae1e7a757d0,,,,,,,,,,,,,,,,,,,,,,,,,,,,,,,,,
74b9c944-ebb8-5b59-8018-fd6f0bdd6a26,tg:mpmtk:37,e73_CreationTimeSpanSourceNotes,0,id/date.creationdate/so,,,,,,,,,,,,,,,,,,,,,,,,,,,16380000,,,,,,,,,,,,,,,,,,,,,,,,,,
74b9c944-ebb8-5b59-8018-fd6f0bdd6a26,tg:mpmtk:37,e73_CreationTimeSpanSourceNotes,1,id/date.creationdate/so,,,,,,,,,,,,,,,,,,,,,,,,,,,16390000,,,,,,,,,,,,,,,,,,,,,,,,,,
74b9c944-ebb8-5b59-8018-fd6f0bdd6a26,tg:mpmtk:37,e73_CreationTimeSpans,,,,,,,,,,,,,,,,,,,,,,,1638,1639,,,,,,,,,,,,,,,,,,,,,,,,,,,,,,,
74b9c944-ebb8-5b59-8018-fd6f0bdd6a26,tg:mpmtk:37,e73_Descriptions,,id.desc,,,,,,,,,,,,,,,,,,,,,,,,,,,,Gefantaseerd wapenschild van Spanje en Portugal,descriptive note,Nederlands,,,,,,,,,,,,,,,,,,,,,,,
74b9c944-ebb8-5b59-8018-fd6f0bdd6a26,tg:mpmtk:37,e73_ExternalRelations,1,,,,,,,,,,,,,,,,,,,,,,,,,,,,,,,,ontwerp voor,,,,c:lvd:517673,https://anet.be/record/opacmpm/,zie verder bibliotheekcatalogus Museum Plantin Moretus,,,,,,,,,,,,,,,,
74b9c944-ebb8-5b59-8018-fd6f0bdd6a26,,e73_LegacyInformation,0,id.objectNumber,,,,,,,,,,,,,,,,,,,,,,,,,,,,,,,,,,,,,,,BE-ANN00/tk/000000020,referentienummer,False,,,,,,,,,,,,
74b9c944-ebb8-5b59-8018-fd6f0bdd6a26,,e73_LegacyInformation,1,brocade.id,,,,,,,,,,,,,,,,,,,,,,,,,,,,,,,,,,,,,,,tg:mpmtk:37,brocade id,False,,,,,,,,,,,,
74b9c944-ebb8-5b59-8018-fd6f0bdd6a26,,e73_LegacyInformation,1,brocade.url,,,,,,,,,,,,,,,,,,,,,,,,,,,,,,,,,,,,,,,https://anet.be/record/opacmpmobj/tg:mpmtk:37/N,brocade url,False,,,,,,,,,,,,
74b9c944-ebb8-5b59-8018-fd6f0bdd6a26,tg:mpmtk:37,e73_MaterialRecords,1,materialRecords,,,,,,,,,,,,,,,,,,,,,,,,,,,,,,,,,,,,,,,,,,"[{""resourceId"": ""2b787120-27fe-5e35-8e20-c8423eb83c0c"", ""ontologyProperty"": """", ""resourceXresourceId"": ""126eb393-2e6e-4f45-af3b-3c8f67424327"", ""inverseOntologyProperty"": """"}]",,,,,,,,,,,
74b9c944-ebb8-5b59-8018-fd6f0bdd6a26,tg:mpmtk:37,e73_Titles,1,id.title/ti,,,,,,,,,,,,,,,,,,,,,,,,,,,,,,,,,,,,,,,,,,,"Illustratie voor Joannes Caramuel Lobkowitz, Philippus prudens",titles proper,Dutch (language),,,,,,,,
7dc335bd-9eef-53fc-a51a-5d83bf6ee9b7,tg:mpmtk:27,AA,0,,,,,,,,,,,,,,,,,,,,,,,,,,,,,,,,,,,,,,,,,,,,,,,Museum Plantin-Moretus,tg:mpmtk:27,https://data.museumplantinmoretus.be/ark:/11975/7dc335bd-9eef-53fc-a51a-5d83bf6ee9b7,Tekeningen,,,,
7dc335bd-9eef-53fc-a51a-5d83bf6ee9b7,,e73_ChangeHistoryRelations,1,,,,,,,,,,,,,,,,,,,,,,,,,,,,,,,,,,,,,,,,,,,,,,,,,,,,,,"[{""resourceId"": ""b0612001-20b9-4d25-a491-736c946d5cf2"", ""ontologyProperty"": """", ""resourceXresourceId"": ""364838c0-b4b3-4fb4-9c58-d8447e6c830a"", ""inverseOntologyProperty"": """"}]"
7dc335bd-9eef-53fc-a51a-5d83bf6ee9b7,tg:mpmtk:27,e73_Copyrights,,,,,,,,,,,,,,,,,,,,,,,,,,,,,,,,,,,,,,,,,,,,,,,,,,,,1634,1749,No Copyright - Public Domain Mark 1.0,
7dc335bd-9eef-53fc-a51a-5d83bf6ee9b7,tg:mpmtk:27,e73_CreationActors,,,au::16151,,,,mpm,256eaded-a15e-57cd-83e0-8cf4eba910ee,ar,,au::16151:1,au::16151g:1,,,,,mpmtk,Iconografie,artists (visual artists),,"dlod={""suggest"":[""/agents/people/1728157"",""au::16151"",""au::16151:1"",""ark:/83110/x0/256eaded-a15e-57cd-83e0-8cf4eba910ee"",""Peter Paul Rubens""],""name"":""Peter Paul Rubens"",""ark"":""ark:/83110/x0/256eaded-a15e-57cd-83e0-8cf4eba910ee"",""uri"":""/agents/people/1728157"",""id"":""au::16151:1"",""isCapacity"":false}",ark:/83110/x0/256eaded-a15e-57cd-83e0-8cf4eba910ee,,,,,,,,,,,,,,,,,,,,,,,,,,,,,,,,,
7dc335bd-9eef-53fc-a51a-5d83bf6ee9b7,tg:mpmtk:27,e73_CreationTimeSpanSourceNotes,0,id/date.creationdate/so,,,,,,,,,,,,,,,,,,,,,,,,,,,16340000,,,,,,,,,,,,,,,,,,,,,,,,,,
7dc335bd-9eef-53fc-a51a-5d83bf6ee9b7,tg:mpmtk:27,e73_CreationTimeSpans,,,,,,,,,,,,,,,,,,,,,,,1634,,,,,,,,,,,,,,,,,,,,,,,,,,,,,,,,
7dc335bd-9eef-53fc-a51a-5d83bf6ee9b7,tg:mpmtk:27,e73_Descriptions,,id.desc,,,,,,,,,,,,,,,,,,,,,,,,,,,,Een hermathene met Muze en Minerva,descriptive note,Nederlands,,,,,,,,,,,,,,,,,,,,,,,
7dc335bd-9eef-53fc-a51a-5d83bf6ee9b7,tg:mpmtk:27,e73_ExternalRelations,1,,,,,,,,,,,,,,,,,,,,,,,,,,,,,,,,gerelateerde publicatie,"nr. 73a, p. 270-271",Nederlands,remarks,c:lvd:239025,https://anet.be/record/opacmpm/,zie verder bibliotheekcatalogus Museum Plantin Moretus,,,,,,,,,,,,,,,,
7dc335bd-9eef-53fc-a51a-5d83bf6ee9b7,tg:mpmtk:27,e73_ExternalRelations,2,,,,,,,,,,,,,,,,,,,,,,,,,,,,,,,,ontwerp voor,,,,c:lvd:494695,https://anet.be/record/opacmpm/,zie verder bibliotheekcatalogus Museum Plantin Moretus,,,,,,,,,,,,,,,,
7dc335bd-9eef-53fc-a51a-5d83bf6ee9b7,,e73_LegacyInformation,0,id.objectNumber,,,,,,,,,,,,,,,,,,,,,,,,,,,,,,,,,,,,,,,BE-ANN00/tk/000000011,referentienummer,False,,,,,,,,,,,,
7dc335bd-9eef-53fc-a51a-5d83bf6ee9b7,,e73_LegacyInformation,1,brocade.id,,,,,,,,,,,,,,,,,,,,,,,,,,,,,,,,,,,,,,,tg:mpmtk:27,brocade id,False,,,,,,,,,,,,
7dc335bd-9eef-53fc-a51a-5d83bf6ee9b7,,e73_LegacyInformation,1,brocade.url,,,,,,,,,,,,,,,,,,,,,,,,,,,,,,,,,,,,,,,https://anet.be/record/opacmpmobj/tg:mpmtk:27/N,brocade url,False,,,,,,,,,,,,
7dc335bd-9eef-53fc-a51a-5d83bf6ee9b7,tg:mpmtk:27,e73_MaterialRecords,1,materialRecords,,,,,,,,,,,,,,,,,,,,,,,,,,,,,,,,,,,,,,,,,,"[{""resourceId"": ""5ce72c6f-ee27-57e7-9692-959c34f60bcb"", ""ontologyProperty"": """", ""resourceXresourceId"": ""28a67555-6fad-42e2-a5aa-71761de0cf74"", ""inverseOntologyProperty"": """"}]",,,,,,,,,,,
7dc335bd-9eef-53fc-a51a-5d83bf6ee9b7,tg:mpmtk:27,e73_Titles,1,id.title/ti,,,,,,,,,,,,,,,,,,,,,,,,,,,,,,,,,,,,,,,,,,,"Ontwerp voor de titelpagina van Bauhusius, Epigrammata",titles proper,Dutch (language),,,,,,,,
8386be2c-d073-50f9-b5c8-923ae1460715,tg:mpmtk:39,AA,0,,,,,,,,,,,,,,,,,,,,,,,,,,,,,,,,,,,,,,,,,,,,,,,Museum Plantin-Moretus,tg:mpmtk:39,https://data.museumplantinmoretus.be/ark:/11975/8386be2c-d073-50f9-b5c8-923ae1460715,Tekeningen,,,,
8386be2c-d073-50f9-b5c8-923ae1460715,,e73_ChangeHistoryRelations,1,,,,,,,,,,,,,,,,,,,,,,,,,,,,,,,,,,,,,,,,,,,,,,,,,,,,,,"[{""resourceId"": ""9a3696ee-02b7-495e-901e-80a46b877211"", ""ontologyProperty"": """", ""resourceXresourceId"": ""596047b0-16ea-4a9f-a0b2-0253e6ebe8da"", ""inverseOntologyProperty"": """"}]"
8386be2c-d073-50f9-b5c8-923ae1460715,tg:mpmtk:39,e73_Copyrights,,,,,,,,,,,,,,,,,,,,,,,,,,,,,,,,,,,,,,,,,,,,,,,,,,,,1634,1749,No Copyright - Public Domain Mark 1.0,
8386be2c-d073-50f9-b5c8-923ae1460715,tg:mpmtk:39,e73_CreationActors,,,au::16151,,,,mpm,256eaded-a15e-57cd-83e0-8cf4eba910ee,ar,,au::16151:1,au::16151g:1,,,,,mpmtk,Iconografie,artists (visual artists),,"dlod={""suggest"":[""/agents/people/1728157"",""au::16151"",""au::16151:1"",""ark:/83110/x0/256eaded-a15e-57cd-83e0-8cf4eba910ee"",""Peter Paul Rubens""],""name"":""Peter Paul Rubens"",""ark"":""ark:/83110/x0/256eaded-a15e-57cd-83e0-8cf4eba910ee"",""uri"":""/agents/people/1728157"",""id"":""au::16151:1"",""isCapacity"":false}",ark:/83110/x0/256eaded-a15e-57cd-83e0-8cf4eba910ee,,,,,,,,,,,,,,,,,,,,,,,,,,,,,,,,,
8386be2c-d073-50f9-b5c8-923ae1460715,tg:mpmtk:39,e73_CreationTimeSpanSourceNotes,0,id/date.creationdate/so,,,,,,,,,,,,,,,,,,,,,,,,,,,16340000,,,,,,,,,,,,,,,,,,,,,,,,,,
8386be2c-d073-50f9-b5c8-923ae1460715,tg:mpmtk:39,e73_CreationTimeSpans,,,,,,,,,,,,,,,,,,,,,,,1634,,,,,,,,,,,,,,,,,,,,,,,,,,,,,,,,
8386be2c-d073-50f9-b5c8-923ae1460715,tg:mpmtk:39,e73_Descriptions,,id.desc,,,,,,,,,,,,,,,,,,,,,,,,,,,,Een met klimop omkranste lier bevindt zich op een antiek altaar,descriptive note,Nederlands,,,,,,,,,,,,,,,,,,,,,,,
8386be2c-d073-50f9-b5c8-923ae1460715,tg:mpmtk:39,e73_ExternalRelations,1,,,,,,,,,,,,,,,,,,,,,,,,,,,,,,,,ontwerp voor,,,,c:lvd:268004,https://anet.be/record/opacmpm/,zie verder bibliotheekcatalogus Museum Plantin Moretus,,,,,,,,,,,,,,,,
8386be2c-d073-50f9-b5c8-923ae1460715,,e73_LegacyInformation,0,id.objectNumber,,,,,,,,,,,,,,,,,,,,,,,,,,,,,,,,,,,,,,,BE-ANN00/tk/000000022,referentienummer,False,,,,,,,,,,,,
8386be2c-d073-50f9-b5c8-923ae1460715,,e73_LegacyInformation,1,brocade.id,,,,,,,,,,,,,,,,,,,,,,,,,,,,,,,,,,,,,,,tg:mpmtk:39,brocade id,False,,,,,,,,,,,,
8386be2c-d073-50f9-b5c8-923ae1460715,,e73_LegacyInformation,1,brocade.url,,,,,,,,,,,,,,,,,,,,,,,,,,,,,,,,,,,,,,,https://anet.be/record/opacmpmobj/tg:mpmtk:39/N,brocade url,False,,,,,,,,,,,,
8386be2c-d073-50f9-b5c8-923ae1460715,tg:mpmtk:39,e73_MaterialRecords,1,materialRecords,,,,,,,,,,,,,,,,,,,,,,,,,,,,,,,,,,,,,,,,,,"[{""resourceId"": ""e81669e6-53d4-5085-9633-335775557e15"", ""ontologyProperty"": """", ""resourceXresourceId"": ""0423fcb6-647c-4f64-9fa3-daf16b97693c"", ""inverseOntologyProperty"": """"}]",,,,,,,,,,,
8386be2c-d073-50f9-b5c8-923ae1460715,tg:mpmtk:39,e73_Titles,1,id.title/ti,,,,,,,,,,,,,,,,,,,,,,,,,,,,,,,,,,,,,,,,,,,"Ontwerp voor de titelpagina van Jacobus Bidermannus, Heroum epistolae",titles proper,Dutch (language),,,,,,,,
92b6bc82-97d3-511b-b41e-09c0ea48083e,tg:mpmtk:31,AA,0,,,,,,,,,,,,,,,,,,,,,,,,,,,,,,,,,,,,,,,,,,,,,,,Museum Plantin-Moretus,tg:mpmtk:31,https://data.museumplantinmoretus.be/ark:/11975/92b6bc82-97d3-511b-b41e-09c0ea48083e,Tekeningen,,,,
92b6bc82-97d3-511b-b41e-09c0ea48083e,,e73_ChangeHistoryRelations,1,,,,,,,,,,,,,,,,,,,,,,,,,,,,,,,,,,,,,,,,,,,,,,,,,,,,,,"[{""resourceId"": ""c5f02921-00a6-460d-b371-9b186337d9d2"", ""ontologyProperty"": """", ""resourceXresourceId"": ""d2dd2750-1880-4df7-9367-c50e50f70424"", ""inverseOntologyProperty"": """"}]"
92b6bc82-97d3-511b-b41e-09c0ea48083e,tg:mpmtk:31,e73_Copyrights,,,,,,,,,,,,,,,,,,,,,,,,,,,,,,,,,,,,,,,,,,,,,,,,,,,,1628,1743,No Copyright - Public Domain Mark 1.0,
92b6bc82-97d3-511b-b41e-09c0ea48083e,tg:mpmtk:31,e73_CreationActors,,,au::16151,,,,mpm,256eaded-a15e-57cd-83e0-8cf4eba910ee,ar,,au::16151:1,au::16151g:1,,,,,mpmtk,Iconografie,artists (visual artists),ontwerper,"dlod={""suggest"":[""/agents/people/1728157"",""au::16151"",""au::16151:1"",""ark:/83110/x0/256eaded-a15e-57cd-83e0-8cf4eba910ee"",""Peter Paul Rubens""],""name"":""Peter Paul Rubens"",""ark"":""ark:/83110/x0/256eaded-a15e-57cd-83e0-8cf4eba910ee"",""uri"":""/agents/people/1728157"",""id"":""au::16151:1"",""isCapacity"":false}",ark:/83110/x0/256eaded-a15e-57cd-83e0-8cf4eba910ee,,,,,,,,,,,,,,,,,,,,,,,,,,,,,,,,,
92b6bc82-97d3-511b-b41e-09c0ea48083e,tg:mpmtk:31,e73_CreationTimeSpanSourceNotes,0,id/date.creationdate/so,,,,,,,,,,,,,,,,,,,,,,,,,,,16280000,,,,,,,,,,,,,,,,,,,,,,,,,,
92b6bc82-97d3-511b-b41e-09c0ea48083e,tg:mpmtk:31,e73_CreationTimeSpanSourceNotes,1,id/date.creationdate/so,,,,,,,,,,,,,,,,,,,,,,,,,,,16300000,,,,,,,,,,,,,,,,,,,,,,,,,,
92b6bc82-97d3-511b-b41e-09c0ea48083e,tg:mpmtk:31,e73_CreationTimeSpans,,,,,,,,,,,,,,,,,,,,,,,1628,1630,,,,,,,,,,,,,,,,,,,,,,,,,,,,,,,
92b6bc82-97d3-511b-b41e-09c0ea48083e,tg:mpmtk:31,e73_Descriptions,,id.desc,,,,,,,,,,,,,,,,,,,,,,,,,,,,"Tekening van de passer, het drukkersmerk van de Officina Plantiniana",descriptive note,Nederlands,,,,,,,,,,,,,,,,,,,,,,,
92b6bc82-97d3-511b-b41e-09c0ea48083e,tg:mpmtk:31,e73_ExternalRelations,1,,,,,,,,,,,,,,,,,,,,,,,,,,,,,,,,gerelateerde publicatie,titelpagina vol. 2-4,Nederlands,remarks,c:lvd:389068,https://anet.be/record/opacmpm/,zie verder bibliotheekcatalogus Museum Plantin Moretus,,,,,,,,,,,,,,,,
92b6bc82-97d3-511b-b41e-09c0ea48083e,,e73_LegacyInformation,0,id.objectNumber,,,,,,,,,,,,,,,,,,,,,,,,,,,,,,,,,,,,,,,BE-ANN00/tk/000000014,referentienummer,False,,,,,,,,,,,,
92b6bc82-97d3-511b-b41e-09c0ea48083e,,e73_LegacyInformation,1,brocade.id,,,,,,,,,,,,,,,,,,,,,,,,,,,,,,,,,,,,,,,tg:mpmtk:31,brocade id,False,,,,,,,,,,,,
92b6bc82-97d3-511b-b41e-09c0ea48083e,,e73_LegacyInformation,1,brocade.url,,,,,,,,,,,,,,,,,,,,,,,,,,,,,,,,,,,,,,,https://anet.be/record/opacmpmobj/tg:mpmtk:31/N,brocade url,False,,,,,,,,,,,,
92b6bc82-97d3-511b-b41e-09c0ea48083e,tg:mpmtk:31,e73_MaterialRecords,1,materialRecords,,,,,,,,,,,,,,,,,,,,,,,,,,,,,,,,,,,,,,,,,,"[{""resourceId"": ""bfe48296-c4a6-58f7-af03-286feaa9ed31"", ""ontologyProperty"": """", ""resourceXresourceId"": ""b33765e6-fbf1-4dcf-8827-38aa7a46f077"", ""inverseOntologyProperty"": """"}]",,,,,,,,,,,
92b6bc82-97d3-511b-b41e-09c0ea48083e,tg:mpmtk:31,e73_Titles,1,id.title/ti,,,,,,,,,,,,,,,,,,,,,,,,,,,,,,,,,,,,,,,,,,,Tekening voor het drukkersmerk van de Officina Plantiniana,titles proper,Dutch (language),,,,,,,,
ac9d2a5c-033f-511c-a651-d32fc8b9cb89,tg:mpmtk:22,AA,0,,,,,,,,,,,,,,,,,,,,,,,,,,,,,,,,,,,,,,,,,,,,,,,Museum Plantin-Moretus,tg:mpmtk:22,https://data.museumplantinmoretus.be/ark:/11975/ac9d2a5c-033f-511c-a651-d32fc8b9cb89,Tekeningen,,,,
ac9d2a5c-033f-511c-a651-d32fc8b9cb89,,e73_ChangeHistoryRelations,1,,,,,,,,,,,,,,,,,,,,,,,,,,,,,,,,,,,,,,,,,,,,,,,,,,,,,,"[{""resourceId"": ""fcf8393a-52a2-4211-bf0a-6e75c85f4f10"", ""ontologyProperty"": """", ""resourceXresourceId"": ""0adcea01-f15b-4ba3-a07e-b2656e31773f"", ""inverseOntologyProperty"": """"}]"
ac9d2a5c-033f-511c-a651-d32fc8b9cb89,tg:mpmtk:22,e73_Copyrights,,,,,,,,,,,,,,,,,,,,,,,,,,,,,,,,,,,,,,,,,,,,,,,,,,,,1605,1720,No Copyright - Public Domain Mark 1.0,
ac9d2a5c-033f-511c-a651-d32fc8b9cb89,tg:mpmtk:22,e73_CreationActors,,,au::13830,,,,mpm,4c2593ff-6f39-5958-b785-bfb49d6cc786,ar,,au::13830:1,au::13830g:1,,,,,mpmtk,Iconografie,artists (visual artists),,"dlod={""suggest"":[""/agents/people/1479810"",""au::13830"",""au::13830:1"",""ark:/83110/x0/4c2593ff-6f39-5958-b785-bfb49d6cc786"",""Adam van Noort""],""name"":""Adam van Noort"",""ark"":""ark:/83110/x0/4c2593ff-6f39-5958-b785-bfb49d6cc786"",""uri"":""/agents/people/1479810"",""id"":""au::13830:1"",""isCapacity"":false}",ark:/83110/x0/4c2593ff-6f39-5958-b785-bfb49d6cc786,,,,,,,,,,,,,,,,,,,,,,,,,,,,,,,,,
ac9d2a5c-033f-511c-a651-d32fc8b9cb89,tg:mpmtk:22,e73_CreationTimeSpanSourceNotes,0,id/date.creationdate/so,,,,,,,,,,,,,,,,,,,,,,,,,,,16050000,,,,,,,,,,,,,,,,,,,,,,,,,,
ac9d2a5c-033f-511c-a651-d32fc8b9cb89,tg:mpmtk:22,e73_CreationTimeSpanSourceNotes,1,id/date.creationdate/so,,,,,,,,,,,,,,,,,,,,,,,,,,,16090000,,,,,,,,,,,,,,,,,,,,,,,,,,
ac9d2a5c-033f-511c-a651-d32fc8b9cb89,tg:mpmtk:22,e73_CreationTimeSpans,,,,,,,,,,,,,,,,,,,,,,,1605,1609,,,,,,,,,,,,,,,,,,,,,,,,,,,,,,,
ac9d2a5c-033f-511c-a651-d32fc8b9cb89,tg:mpmtk:22,e73_Descriptions,,id.desc,,,,,,,,,,,,,,,,,,,,,,,,,,,,De aanbidding der herders,descriptive note,Nederlands,,,,,,,,,,,,,,,,,,,,,,,
ac9d2a5c-033f-511c-a651-d32fc8b9cb89,tg:mpmtk:22,e73_ExternalRelations,1,,,,,,,,,,,,,,,,,,,,,,,,,,,,,,,,gerelateerde publicatie,p. 170,Nederlands,remarks,c:lvd:839899,https://anet.be/record/opacmpm/,zie verder bibliotheekcatalogus Museum Plantin Moretus,,,,,,,,,,,,,,,,
ac9d2a5c-033f-511c-a651-d32fc8b9cb89,,e73_LegacyInformation,0,id.objectNumber,,,,,,,,,,,,,,,,,,,,,,,,,,,,,,,,,,,,,,,BE-ANN00/tk/386,referentienummer,False,,,,,,,,,,,,
ac9d2a5c-033f-511c-a651-d32fc8b9cb89,,e73_LegacyInformation,1,brocade.id,,,,,,,,,,,,,,,,,,,,,,,,,,,,,,,,,,,,,,,tg:mpmtk:22,brocade id,False,,,,,,,,,,,,
ac9d2a5c-033f-511c-a651-d32fc8b9cb89,,e73_LegacyInformation,1,brocade.url,,,,,,,,,,,,,,,,,,,,,,,,,,,,,,,,,,,,,,,https://anet.be/record/opacmpmobj/tg:mpmtk:22/N,brocade url,False,,,,,,,,,,,,
ac9d2a5c-033f-511c-a651-d32fc8b9cb89,tg:mpmtk:22,e73_MaterialRecords,1,materialRecords,,,,,,,,,,,,,,,,,,,,,,,,,,,,,,,,,,,,,,,,,,"[{""resourceId"": ""0d8b93fa-fe92-5008-a567-164e0385914b"", ""ontologyProperty"": """", ""resourceXresourceId"": ""b2669afa-b20c-4e33-947e-14a97bdeced1"", ""inverseOntologyProperty"": """"}]",,,,,,,,,,,
ac9d2a5c-033f-511c-a651-d32fc8b9cb89,tg:mpmtk:22,e73_Titles,1,id.title/ti,,,,,,,,,,,,,,,,,,,,,,,,,,,,,,,,,,,,,,,,,,,De aanbidding der herders,titles proper,Dutch (language),,,,,,,,
ad8839e6-3553-5f26-9c38-c52a8ec05cb8,tg:mpmtk:26,AA,0,,,,,,,,,,,,,,,,,,,,,,,,,,,,,,,,,,,,,,,,,,,,,,,Museum Plantin-Moretus,tg:mpmtk:26,https://data.museumplantinmoretus.be/ark:/11975/ad8839e6-3553-5f26-9c38-c52a8ec05cb8,Tekeningen,,,,
ad8839e6-3553-5f26-9c38-c52a8ec05cb8,tg:mpmtk:26,e73_AnnotationsImmaterial,1,note.mpmalg,"<p>Koperplaat naar deze ontwerptekening: KP 61 D</p>
","<p>Koperplaat naar deze ontwerptekening: KP 61 D</p>
",Nederlands,remarks,,,,,,,,,,,,,,,,,,,,,,,,,,,,,,,,,,,,,,,,,,,,,,,,,
ad8839e6-3553-5f26-9c38-c52a8ec05cb8,,e73_ChangeHistoryRelations,1,,,,,,,,,,,,,,,,,,,,,,,,,,,,,,,,,,,,,,,,,,,,,,,,,,,,,,"[{""resourceId"": ""58f12847-9d58-4e1a-a9c9-f1802bb50ce2"", ""ontologyProperty"": """", ""resourceXresourceId"": ""b5faae50-c70a-4b3e-b1f6-c4d47ecd1a3e"", ""inverseOntologyProperty"": """"}]"
ad8839e6-3553-5f26-9c38-c52a8ec05cb8,tg:mpmtk:26,e73_Copyrights,,,,,,,,,,,,,,,,,,,,,,,,,,,,,,,,,,,,,,,,,,,,,,,,,,,,1637,1752,No Copyright - Public Domain Mark 1.0,
ad8839e6-3553-5f26-9c38-c52a8ec05cb8,tg:mpmtk:26,e73_CreationActors,,,au::16151,,,,mpm,256eaded-a15e-57cd-83e0-8cf4eba910ee,ar,,au::16151:1,au::16151g:1,,,,,mpmtk,Iconografie,artists (visual artists),,"dlod={""suggest"":[""/agents/people/1728157"",""au::16151"",""au::16151:1"",""ark:/83110/x0/256eaded-a15e-57cd-83e0-8cf4eba910ee"",""Peter Paul Rubens""],""name"":""Peter Paul Rubens"",""ark"":""ark:/83110/x0/256eaded-a15e-57cd-83e0-8cf4eba910ee"",""uri"":""/agents/people/1728157"",""id"":""au::16151:1"",""isCapacity"":false}",ark:/83110/x0/256eaded-a15e-57cd-83e0-8cf4eba910ee,,,,,,,,,,,,,,,,,,,,,,,,,,,,,,,,,
ad8839e6-3553-5f26-9c38-c52a8ec05cb8,tg:mpmtk:26,e73_CreationTimeSpanSourceNotes,0,id/date.creationdate/so,,,,,,,,,,,,,,,,,,,,,,,,,,,16370000,,,,,,,,,,,,,,,,,,,,,,,,,,
ad8839e6-3553-5f26-9c38-c52a8ec05cb8,tg:mpmtk:26,e73_CreationTimeSpans,,,,,,,,,,,,,,,,,,,,,,,1637,,,,,,,,,,,,,,,,,,,,,,,,,,,,,,,,
ad8839e6-3553-5f26-9c38-c52a8ec05cb8,tg:mpmtk:26,e73_Descriptions,,id.desc,,,,,,,,,,,,,,,,,,,,,,,,,,,,"Ontwerp voor de titelpagina van het eerste deel van Justus Lipsius, Opera omnia",descriptive note,Nederlands,,,,,,,,,,,,,,,,,,,,,,,
ad8839e6-3553-5f26-9c38-c52a8ec05cb8,tg:mpmtk:26,e73_ExternalRelations,1,,,,,,,,,,,,,,,,,,,,,,,,,,,,,,,,gerelateerde publicatie,"nr. 73a, p. 303-305",Nederlands,remarks,c:lvd:239025,https://anet.be/record/opacmpm/,zie verder bibliotheekcatalogus Museum Plantin Moretus,,,,,,,,,,,,,,,,
ad8839e6-3553-5f26-9c38-c52a8ec05cb8,,e73_LegacyInformation,0,id.objectNumber,,,,,,,,,,,,,,,,,,,,,,,,,,,,,,,,,,,,,,,BE-ANN00/tk/000000010,referentienummer,False,,,,,,,,,,,,
ad8839e6-3553-5f26-9c38-c52a8ec05cb8,,e73_LegacyInformation,1,brocade.id,,,,,,,,,,,,,,,,,,,,,,,,,,,,,,,,,,,,,,,tg:mpmtk:26,brocade id,False,,,,,,,,,,,,
ad8839e6-3553-5f26-9c38-c52a8ec05cb8,,e73_LegacyInformation,1,brocade.url,,,,,,,,,,,,,,,,,,,,,,,,,,,,,,,,,,,,,,,https://anet.be/record/opacmpmobj/tg:mpmtk:26/N,brocade url,False,,,,,,,,,,,,
ad8839e6-3553-5f26-9c38-c52a8ec05cb8,tg:mpmtk:26,e73_MaterialRecords,1,materialRecords,,,,,,,,,,,,,,,,,,,,,,,,,,,,,,,,,,,,,,,,,,"[{""resourceId"": ""8fab448e-5bb1-5697-bcc5-dd5235f9ffd8"", ""ontologyProperty"": """", ""resourceXresourceId"": ""7ae5fe8c-83ae-4e82-bc50-67058d5094ec"", ""inverseOntologyProperty"": """"}]",,,,,,,,,,,
ad8839e6-3553-5f26-9c38-c52a8ec05cb8,tg:mpmtk:26,e73_Titles,1,id.title/ti,,,,,,,,,,,,,,,,,,,,,,,,,,,,,,,,,,,,,,,,,,,"Ontwerp voor de titelpagina van Lipsius, Opera omnia",titles proper,Dutch (language),,,,,,,,
b352a12a-d714-52f2-894d-3f3bd5481d42,tg:mpmtk:23,AA,0,,,,,,,,,,,,,,,,,,,,,,,,,,,,,,,,,,,,,,,,,,,,,,,Museum Plantin-Moretus,tg:mpmtk:23,https://data.museumplantinmoretus.be/ark:/11975/b352a12a-d714-52f2-894d-3f3bd5481d42,Tekeningen,,,,
b352a12a-d714-52f2-894d-3f3bd5481d42,,e73_ChangeHistoryRelations,1,,,,,,,,,,,,,,,,,,,,,,,,,,,,,,,,,,,,,,,,,,,,,,,,,,,,,,"[{""resourceId"": ""f8b68803-a468-4679-b887-fc4547639a88"", ""ontologyProperty"": """", ""resourceXresourceId"": ""fe658000-be69-414f-b9f7-b8cdc990dd7c"", ""inverseOntologyProperty"": """"}]"
b352a12a-d714-52f2-894d-3f3bd5481d42,tg:mpmtk:23,e73_Copyrights,,,,,,,,,,,,,,,,,,,,,,,,,,,,,,,,,,,,,,,,,,,,,,,,,,,,1605,1720,No Copyright - Public Domain Mark 1.0,
b352a12a-d714-52f2-894d-3f3bd5481d42,tg:mpmtk:23,e73_CreationActors,,,au::13830,,,,mpm,4c2593ff-6f39-5958-b785-bfb49d6cc786,ar,,au::13830:1,au::13830g:1,,,,,mpmtk,Iconografie,artists (visual artists),AVN monogram links onderaan,"dlod={""suggest"":[""/agents/people/1479810"",""au::13830"",""au::13830:1"",""ark:/83110/x0/4c2593ff-6f39-5958-b785-bfb49d6cc786"",""Adam van Noort""],""name"":""Adam van Noort"",""ark"":""ark:/83110/x0/4c2593ff-6f39-5958-b785-bfb49d6cc786"",""uri"":""/agents/people/1479810"",""id"":""au::13830:1"",""isCapacity"":false}",ark:/83110/x0/4c2593ff-6f39-5958-b785-bfb49d6cc786,,,,,,,,,,,,,,,,,,,,,,,,,,,,,,,,,
b352a12a-d714-52f2-894d-3f3bd5481d42,tg:mpmtk:23,e73_CreationTimeSpanSourceNotes,0,id/date.creationdate/so,,,,,,,,,,,,,,,,,,,,,,,,,,,16050000,,,,,,,,,,,,,,,,,,,,,,,,,,
b352a12a-d714-52f2-894d-3f3bd5481d42,tg:mpmtk:23,e73_CreationTimeSpanSourceNotes,1,id/date.creationdate/so,,,,,,,,,,,,,,,,,,,,,,,,,,,16090000,,,,,,,,,,,,,,,,,,,,,,,,,,
b352a12a-d714-52f2-894d-3f3bd5481d42,tg:mpmtk:23,e73_CreationTimeSpans,,,,,,,,,,,,,,,,,,,,,,,1605,1609,,,,,,,,,,,,,,,,,,,,,,,,,,,,,,,
b352a12a-d714-52f2-894d-3f3bd5481d42,tg:mpmtk:23,e73_Descriptions,,id.desc,,,,,,,,,,,,,,,,,,,,,,,,,,,,Het doopsel van Christus,descriptive note,Nederlands,,,,,,,,,,,,,,,,,,,,,,,
b352a12a-d714-52f2-894d-3f3bd5481d42,tg:mpmtk:23,e73_ExternalRelations,1,,,,,,,,,,,,,,,,,,,,,,,,,,,,,,,,gerelateerde publicatie,p. 24,Nederlands,remarks,c:lvd:839899,https://anet.be/record/opacmpm/,zie verder bibliotheekcatalogus Museum Plantin Moretus,,,,,,,,,,,,,,,,
b352a12a-d714-52f2-894d-3f3bd5481d42,,e73_LegacyInformation,0,id.objectNumber,,,,,,,,,,,,,,,,,,,,,,,,,,,,,,,,,,,,,,,BE-ANN00/tk/000000008,referentienummer,False,,,,,,,,,,,,
b352a12a-d714-52f2-894d-3f3bd5481d42,,e73_LegacyInformation,1,brocade.id,,,,,,,,,,,,,,,,,,,,,,,,,,,,,,,,,,,,,,,tg:mpmtk:23,brocade id,False,,,,,,,,,,,,
b352a12a-d714-52f2-894d-3f3bd5481d42,,e73_LegacyInformation,1,brocade.url,,,,,,,,,,,,,,,,,,,,,,,,,,,,,,,,,,,,,,,https://anet.be/record/opacmpmobj/tg:mpmtk:23/N,brocade url,False,,,,,,,,,,,,
b352a12a-d714-52f2-894d-3f3bd5481d42,tg:mpmtk:23,e73_MaterialRecords,1,materialRecords,,,,,,,,,,,,,,,,,,,,,,,,,,,,,,,,,,,,,,,,,,"[{""resourceId"": ""f035fc19-9010-52c0-9131-0d35856aa2bd"", ""ontologyProperty"": """", ""resourceXresourceId"": ""8df4efeb-830c-4927-92a6-2a4226219c5f"", ""inverseOntologyProperty"": """"}]",,,,,,,,,,,
b352a12a-d714-52f2-894d-3f3bd5481d42,tg:mpmtk:23,e73_Titles,1,id.title/ti,,,,,,,,,,,,,,,,,,,,,,,,,,,,,,,,,,,,,,,,,,,Het doopsel van Christus,titles proper,Dutch (language),,,,,,,,
b7844246-831e-5339-bb8e-494ce76fca52,tg:mpmtk:33,AA,0,,,,,,,,,,,,,,,,,,,,,,,,,,,,,,,,,,,,,,,,,,,,,,,Museum Plantin-Moretus,tg:mpmtk:33,https://data.museumplantinmoretus.be/ark:/11975/b7844246-831e-5339-bb8e-494ce76fca52,Tekeningen,,,,
b7844246-831e-5339-bb8e-494ce76fca52,,e73_ChangeHistoryRelations,1,,,,,,,,,,,,,,,,,,,,,,,,,,,,,,,,,,,,,,,,,,,,,,,,,,,,,,"[{""resourceId"": ""3ac037a4-4165-4989-b68b-7a4d2d9177c4"", ""ontologyProperty"": """", ""resourceXresourceId"": ""d777f760-906d-4aab-8bcb-667ba3fb6e4b"", ""inverseOntologyProperty"": """"}]"
b7844246-831e-5339-bb8e-494ce76fca52,tg:mpmtk:33,e73_Copyrights,,,,,,,,,,,,,,,,,,,,,,,,,,,,,,,,,,,,,,,,,,,,,,,,,,,,1636,1751,No Copyright - Public Domain Mark 1.0,
b7844246-831e-5339-bb8e-494ce76fca52,tg:mpmtk:33,e73_CreationActors,,,au::15342,,,,mpm,0dd77f3c-9f4b-591f-96e2-8ae1e7a757d0,ar,,au::15342:1,au::15342g:1,,,,,mpmtk,Iconografie,artists (visual artists),,"dlod={""suggest"":[""/agents/people/1641594"",""au::15342"",""au::15342:1"",""ark:/83110/x0/0dd77f3c-9f4b-591f-96e2-8ae1e7a757d0"",""Erasmus II Quellinus""],""name"":""Erasmus II Quellinus"",""ark"":""ark:/83110/x0/0dd77f3c-9f4b-591f-96e2-8ae1e7a757d0"",""uri"":""/agents/people/1641594"",""id"":""au::15342:1"",""isCapacity"":false}",ark:/83110/x0/0dd77f3c-9f4b-591f-96e2-8ae1e7a757d0,,,,,,,,,,,,,,,,,,,,,,,,,,,,,,,,,
b7844246-831e-5339-bb8e-494ce76fca52,tg:mpmtk:33,e73_CreationTimeSpanSourceNotes,0,id/date.creationdate/so,,,,,,,,,,,,,,,,,,,,,,,,,,,16360000,,,,,,,,,,,,,,,,,,,,,,,,,,
b7844246-831e-5339-bb8e-494ce76fca52,tg:mpmtk:33,e73_CreationTimeSpanSourceNotes,1,id/date.creationdate/so,,,,,,,,,,,,,,,,,,,,,,,,,,,16370000,,,,,,,,,,,,,,,,,,,,,,,,,,
b7844246-831e-5339-bb8e-494ce76fca52,tg:mpmtk:33,e73_CreationTimeSpans,,,,,,,,,,,,,,,,,,,,,,,1636,1637,,,,,,,,,,,,,,,,,,,,,,,,,,,,,,,
b7844246-831e-5339-bb8e-494ce76fca52,tg:mpmtk:33,e73_Descriptions,,id.desc,,,,,,,,,,,,,,,,,,,,,,,,,,,,"De figuur ""Poesis"", wijzend op een vel papier en op figuren uit het Oude Testament, zit vooraan. Op de grond liggen boeken en muziekinstrumenten.",descriptive note,Nederlands,,,,,,,,,,,,,,,,,,,,,,,
b7844246-831e-5339-bb8e-494ce76fca52,tg:mpmtk:33,e73_ExternalRelations,1,,,,,,,,,,,,,,,,,,,,,,,,,,,,,,,,ontwerp voor,,,,c:lvd:371295,https://anet.be/record/opacmpm/,zie verder bibliotheekcatalogus Museum Plantin Moretus,,,,,,,,,,,,,,,,
b7844246-831e-5339-bb8e-494ce76fca52,,e73_LegacyInformation,0,id.objectNumber,,,,,,,,,,,,,,,,,,,,,,,,,,,,,,,,,,,,,,,BE-ANN00/tk/000000016,referentienummer,False,,,,,,,,,,,,
b7844246-831e-5339-bb8e-494ce76fca52,,e73_LegacyInformation,1,brocade.id,,,,,,,,,,,,,,,,,,,,,,,,,,,,,,,,,,,,,,,tg:mpmtk:33,brocade id,False,,,,,,,,,,,,
b7844246-831e-5339-bb8e-494ce76fca52,,e73_LegacyInformation,1,brocade.url,,,,,,,,,,,,,,,,,,,,,,,,,,,,,,,,,,,,,,,https://anet.be/record/opacmpmobj/tg:mpmtk:33/N,brocade url,False,,,,,,,,,,,,
b7844246-831e-5339-bb8e-494ce76fca52,tg:mpmtk:33,e73_MaterialRecords,1,materialRecords,,,,,,,,,,,,,,,,,,,,,,,,,,,,,,,,,,,,,,,,,,"[{""resourceId"": ""29f3ce22-a988-5b01-a9dd-b7fcd935cb9b"", ""ontologyProperty"": """", ""resourceXresourceId"": ""5b101016-f230-4ba7-b997-b38de3660954"", ""inverseOntologyProperty"": """"}]",,,,,,,,,,,
b7844246-831e-5339-bb8e-494ce76fca52,tg:mpmtk:33,e73_Titles,1,id.title/ti,,,,,,,,,,,,,,,,,,,,,,,,,,,,,,,,,,,,,,,,,,,"Ontwerp voor de titelpagina van Vincentius Guinisius, Poesis heroica",titles proper,Dutch (language),,,,,,,,
c008cae5-11d7-55fc-a4da-bfa7b15b2cd7,tg:mpmtk:15,AA,0,,,,,,,,,,,,,,,,,,,,,,,,,,,,,,,,,,,,,,,,,,,,,,,Museum Plantin-Moretus,tg:mpmtk:15,https://data.museumplantinmoretus.be/ark:/11975/c008cae5-11d7-55fc-a4da-bfa7b15b2cd7,Tekeningen,,,,
c008cae5-11d7-55fc-a4da-bfa7b15b2cd7,,e73_ChangeHistoryRelations,1,,,,,,,,,,,,,,,,,,,,,,,,,,,,,,,,,,,,,,,,,,,,,,,,,,,,,,"[{""resourceId"": ""6fd97c31-66a3-4670-879c-6d0b12b3f4b0"", ""ontologyProperty"": """", ""resourceXresourceId"": ""4d11cacb-14f2-4b8c-87ed-a6bdedce1f87"", ""inverseOntologyProperty"": """"}]"
c008cae5-11d7-55fc-a4da-bfa7b15b2cd7,tg:mpmtk:15,e73_Copyrights,,,,,,,,,,,,,,,,,,,,,,,,,,,,,,,,,,,,,,,,,,,,,,,,,,,,1560,1675,No Copyright - Public Domain Mark 1.0,
c008cae5-11d7-55fc-a4da-bfa7b15b2cd7,tg:mpmtk:15,e73_CreationActors,,,au::14164,,,,mpm,80abb133-7c38-5ef5-aa40-d82d46a3245d,ar,,au::14164:1,au::14164g:1,,,,,mpmtk,Iconografie,artists (visual artists),Vermoedelijke kunstenaar,"dlod={""suggest"":[""/agents/people/1515548"",""au::14164"",""au::14164:1"",""ark:/83110/x0/80abb133-7c38-5ef5-aa40-d82d46a3245d"",""Abraham Ortelius""],""name"":""Abraham Ortelius"",""ark"":""ark:/83110/x0/80abb133-7c38-5ef5-aa40-d82d46a3245d"",""uri"":""/agents/people/1515548"",""id"":""au::14164:1"",""isCapacity"":false}",ark:/83110/x0/80abb133-7c38-5ef5-aa40-d82d46a3245d,,,,,,,,,,,,,,,,,,,,,,,,,,,,,,,,,
c008cae5-11d7-55fc-a4da-bfa7b15b2cd7,tg:mpmtk:15,e73_CreationTimeSpanSourceNotes,0,id/date.creationdate/so,,,,,,,,,,,,,,,,,,,,,,,,,,,15600000,,,,,,,,,,,,,,,,,,,,,,,,,,
c008cae5-11d7-55fc-a4da-bfa7b15b2cd7,tg:mpmtk:15,e73_CreationTimeSpans,,,,,,,,,,,,,,,,,,,,,,,1560,,centuries,,,,,,,,,,,,,,,,,,,,,,,,,,,,,,
c008cae5-11d7-55fc-a4da-bfa7b15b2cd7,tg:mpmtk:15,e73_ExternalRelations,1,,,,,,,,,,,,,,,,,,,,,,,,,,,,,,,,gerelateerde publicatie,TEK 596/6 - Cat. 179/6,Nederlands,remarks,c:lvd:6157678,https://anet.be/record/opacmpm/,zie verder bibliotheekcatalogus Museum Plantin Moretus,,,,,,,,,,,,,,,,
c008cae5-11d7-55fc-a4da-bfa7b15b2cd7,tg:mpmtk:15,e73_Languages,1,kenmerken.mpmlanguage,lat,,,,,,,,,,,,,,,,,,,,,,,,,,,,,,,,,,,,,Latin (language),,,,,,,,,,,,,,,
c008cae5-11d7-55fc-a4da-bfa7b15b2cd7,tg:mpmtk:15,e73_Languages,2,kenmerken.mpmlanguage,spa,,,,,,,,,,,,,,,,,,,,,,,,,,,,,,,,,,,,,Spanish (language),,,,,,,,,,,,,,,
c008cae5-11d7-55fc-a4da-bfa7b15b2cd7,,e73_LegacyInformation,0,id.objectNumber,,,,,,,,,,,,,,,,,,,,,,,,,,,,,,,,,,,,,,,BE-ANN00/tk/000000004,referentienummer,False,,,,,,,,,,,,
c008cae5-11d7-55fc-a4da-bfa7b15b2cd7,,e73_LegacyInformation,1,brocade.id,,,,,,,,,,,,,,,,,,,,,,,,,,,,,,,,,,,,,,,tg:mpmtk:15,brocade id,False,,,,,,,,,,,,
c008cae5-11d7-55fc-a4da-bfa7b15b2cd7,,e73_LegacyInformation,1,brocade.url,,,,,,,,,,,,,,,,,,,,,,,,,,,,,,,,,,,,,,,https://anet.be/record/opacmpmobj/tg:mpmtk:15/N,brocade url,False,,,,,,,,,,,,
c008cae5-11d7-55fc-a4da-bfa7b15b2cd7,tg:mpmtk:15,e73_MaterialRecords,1,materialRecords,,,,,,,,,,,,,,,,,,,,,,,,,,,,,,,,,,,,,,,,,,"[{""resourceId"": ""76f134ef-a5a9-5370-bb23-79ec548601e7"", ""ontologyProperty"": """", ""resourceXresourceId"": ""34737eb9-f790-4ba7-98e7-718bc74e677e"", ""inverseOntologyProperty"": """"}]",,,,,,,,,,,
c008cae5-11d7-55fc-a4da-bfa7b15b2cd7,tg:mpmtk:15,e73_Titles,1,id.title/description,,,,,,,,,,,,,,,,,,,,,,,,,,,,,,,,,,,,,,,,,,,Schetsmatige voorstelling van de Straat van Gibraltar,constructed titles,Dutch (language),,,,,,,,
e675c9d2-e8d6-52ab-b8d6-3fa65626c2ee,tg:mpmtk:21,AA,0,,,,,,,,,,,,,,,,,,,,,,,,,,,,,,,,,,,,,,,,,,,,,,,Museum Plantin-Moretus,tg:mpmtk:21,https://data.museumplantinmoretus.be/ark:/11975/e675c9d2-e8d6-52ab-b8d6-3fa65626c2ee,Tekeningen,,,,
e675c9d2-e8d6-52ab-b8d6-3fa65626c2ee,tg:mpmtk:21,e73_AnnotationsImmaterial,1,note.mpmalg,"<p>De tekening diende als het ontwerp voor de gravure van Hans Collaert die in Jan Moretus editie van het Missale Romanum van 1596 voor het eerst voorkwam</p>
","<p>De tekening diende als het ontwerp voor de gravure van Hans Collaert die in Jan Moretus editie van het Missale Romanum van 1596 voor het eerst voorkwam</p>
",Nederlands,remarks,,,,,,,,,,,,,,,,,,,,,,,,,,,,,,,,,,,,,,,,,,,,,,,,,
e675c9d2-e8d6-52ab-b8d6-3fa65626c2ee,,e73_ChangeHistoryRelations,1,,,,,,,,,,,,,,,,,,,,,,,,,,,,,,,,,,,,,,,,,,,,,,,,,,,,,,"[{""resourceId"": ""2549e1c3-5b35-4373-be24-2471c749dbc5"", ""ontologyProperty"": """", ""resourceXresourceId"": ""d31a8a9a-c40e-443c-a3a9-62275730536e"", ""inverseOntologyProperty"": """"}]"
e675c9d2-e8d6-52ab-b8d6-3fa65626c2ee,tg:mpmtk:21,e73_Copyrights,,,,,,,,,,,,,,,,,,,,,,,,,,,,,,,,,,,,,,,,,,,,,,,,,,,,1580,1695,No Copyright - Public Domain Mark 1.0,
e675c9d2-e8d6-52ab-b8d6-3fa65626c2ee,tg:mpmtk:21,e73_CreationActors,,,au::20701,,,,mpm,fa4e2a3e-55e0-5ab1-9d4f-1e4227ffe711,ar,,au::20701:1,au::20701g:1,,,,,mpmtk,Iconografie,artists (visual artists),,"dlod={""suggest"":[""/agents/people/2215007"",""au::20701"",""au::20701:1"",""ark:/83110/x0/fa4e2a3e-55e0-5ab1-9d4f-1e4227ffe711"",""Maerten de Vos""],""name"":""Maerten de Vos"",""ark"":""ark:/83110/x0/fa4e2a3e-55e0-5ab1-9d4f-1e4227ffe711"",""uri"":""/agents/people/2215007"",""id"":""au::20701:1"",""isCapacity"":false}",ark:/83110/x0/fa4e2a3e-55e0-5ab1-9d4f-1e4227ffe711,,,,,,,,,,,,,,,,,,,,,,,,,,,,,,,,,
e675c9d2-e8d6-52ab-b8d6-3fa65626c2ee,tg:mpmtk:21,e73_CreationTimeSpanSourceNotes,0,id/date.creationdate/so,,,,,,,,,,,,,,,,,,,,,,,,,,,15800000,,,,,,,,,,,,,,,,,,,,,,,,,,
e675c9d2-e8d6-52ab-b8d6-3fa65626c2ee,tg:mpmtk:21,e73_CreationTimeSpanSourceNotes,1,id/date.creationdate/so,,,,,,,,,,,,,,,,,,,,,,,,,,,15960000,,,,,,,,,,,,,,,,,,,,,,,,,,
e675c9d2-e8d6-52ab-b8d6-3fa65626c2ee,tg:mpmtk:21,e73_CreationTimeSpans,,,,,,,,,,,,,,,,,,,,,,,1580,1596,,,,,,,,,,,,,,,,,,,,,,,,,,,,,,,
e675c9d2-e8d6-52ab-b8d6-3fa65626c2ee,tg:mpmtk:21,e73_Descriptions,,id.desc,,,,,,,,,,,,,,,,,,,,,,,,,,,,Melchisedech biedt Abraham brood en wijn aan,descriptive note,Nederlands,,,,,,,,,,,,,,,,,,,,,,,
e675c9d2-e8d6-52ab-b8d6-3fa65626c2ee,tg:mpmtk:21,e73_ExternalRelations,1,,,,,,,,,,,,,,,,,,,,,,,,,,,,,,,,gerelateerde publicatie,p. 266-268,Nederlands,remarks,c:lvd:3150577,https://anet.be/record/opacmpm/,zie verder bibliotheekcatalogus Museum Plantin Moretus,,,,,,,,,,,,,,,,
e675c9d2-e8d6-52ab-b8d6-3fa65626c2ee,,e73_LegacyInformation,0,id.objectNumber,,,,,,,,,,,,,,,,,,,,,,,,,,,,,,,,,,,,,,,BE-ANN00/tk/000000007,referentienummer,False,,,,,,,,,,,,
e675c9d2-e8d6-52ab-b8d6-3fa65626c2ee,,e73_LegacyInformation,1,brocade.id,,,,,,,,,,,,,,,,,,,,,,,,,,,,,,,,,,,,,,,tg:mpmtk:21,brocade id,False,,,,,,,,,,,,
e675c9d2-e8d6-52ab-b8d6-3fa65626c2ee,,e73_LegacyInformation,1,brocade.url,,,,,,,,,,,,,,,,,,,,,,,,,,,,,,,,,,,,,,,https://anet.be/record/opacmpmobj/tg:mpmtk:21/N,brocade url,False,,,,,,,,,,,,
e675c9d2-e8d6-52ab-b8d6-3fa65626c2ee,tg:mpmtk:21,e73_MaterialRecords,1,materialRecords,,,,,,,,,,,,,,,,,,,,,,,,,,,,,,,,,,,,,,,,,,"[{""resourceId"": ""cd351e07-50be-5522-b7a2-e07a00587c9d"", ""ontologyProperty"": """", ""resourceXresourceId"": ""fac473dd-4663-4a73-8e8a-1abe76b77633"", ""inverseOntologyProperty"": """"}]",,,,,,,,,,,
e675c9d2-e8d6-52ab-b8d6-3fa65626c2ee,tg:mpmtk:21,e73_Titles,1,id.title/ti,,,,,,,,,,,,,,,,,,,,,,,,,,,,,,,,,,,,,,,,,,,Abraham en Melchidesech,titles proper,Dutch (language),,,,,,,,
f2a88090-8fa8-59c3-a946-6065c95ecdcb,tg:mpmtk:19,AA,0,,,,,,,,,,,,,,,,,,,,,,,,,,,,,,,,,,,,,,,,,,,,,,,Museum Plantin-Moretus,tg:mpmtk:19,https://data.museumplantinmoretus.be/ark:/11975/f2a88090-8fa8-59c3-a946-6065c95ecdcb,Tekeningen,,,,
f2a88090-8fa8-59c3-a946-6065c95ecdcb,,e73_ChangeHistoryRelations,1,,,,,,,,,,,,,,,,,,,,,,,,,,,,,,,,,,,,,,,,,,,,,,,,,,,,,,"[{""resourceId"": ""92f31bf5-7ef9-4edb-a400-72afa7d9dd23"", ""ontologyProperty"": """", ""resourceXresourceId"": ""d8222268-2c62-4573-9272-99b46017cca7"", ""inverseOntologyProperty"": """"}]"
f2a88090-8fa8-59c3-a946-6065c95ecdcb,tg:mpmtk:19,e73_Copyrights,,,,,,,,,,,,,,,,,,,,,,,,,,,,,,,,,,,,,,,,,,,,,,,,,,,,1646,1761,No Copyright - Public Domain Mark 1.0,
f2a88090-8fa8-59c3-a946-6065c95ecdcb,tg:mpmtk:19,e73_CreationActors,,,au::108916,,,,mpm,01c9e18d-54b1-528b-9c98-c578a4502bf6,ar,,au::108916:1,au::108916g:1,,,,,mpmtk,Iconografie,artists (visual artists),,"dlod={""suggest"":[""/agents/people/11654012"",""au::108916"",""au::108916:1"",""ark:/83110/x0/01c9e18d-54b1-528b-9c98-c578a4502bf6"",""Jan Christoffel Jegher""],""name"":""Jan Christoffel Jegher"",""ark"":""ark:/83110/x0/01c9e18d-54b1-528b-9c98-c578a4502bf6"",""uri"":""/agents/people/11654012"",""id"":""au::108916:1"",""isCapacity"":false}",ark:/83110/x0/01c9e18d-54b1-528b-9c98-c578a4502bf6,,,,,,,,,,,,,,,,,,,,,,,,,,,,,,,,,
f2a88090-8fa8-59c3-a946-6065c95ecdcb,tg:mpmtk:19,e73_CreationTimeSpanSourceNotes,0,id/date.creationdate/so,,,,,,,,,,,,,,,,,,,,,,,,,,,16460000,,,,,,,,,,,,,,,,,,,,,,,,,,
f2a88090-8fa8-59c3-a946-6065c95ecdcb,tg:mpmtk:19,e73_CreationTimeSpans,,,,,,,,,,,,,,,,,,,,,,,1646,,,,,,,,,,,,,,,,,,,,,,,,,,,,,,,,
f2a88090-8fa8-59c3-a946-6065c95ecdcb,tg:mpmtk:19,e73_Descriptions,,id.desc,,,,,,,,,,,,,,,,,,,,,,,,,,,,Voorstelling van de plant 'Ranunculus moscatella',descriptive note,Nederlands,,,,,,,,,,,,,,,,,,,,,,,
f2a88090-8fa8-59c3-a946-6065c95ecdcb,tg:mpmtk:19,e73_ExternalRelations,1,,,,,,,,,,,,,,,,,,,,,,,,,,,,,,,,gerelateerde publicatie,,,,c:lvd:13136549,https://anet.be/record/opacanet/,Publicaties in de Anet catalogus,,,,,,,,,,,,,,,,
f2a88090-8fa8-59c3-a946-6065c95ecdcb,,e73_LegacyInformation,0,id.objectNumber,,,,,,,,,,,,,,,,,,,,,,,,,,,,,,,,,,,,,,,BE-ANN00/tk/218,referentienummer,False,,,,,,,,,,,,
f2a88090-8fa8-59c3-a946-6065c95ecdcb,,e73_LegacyInformation,1,brocade.id,,,,,,,,,,,,,,,,,,,,,,,,,,,,,,,,,,,,,,,tg:mpmtk:19,brocade id,False,,,,,,,,,,,,
f2a88090-8fa8-59c3-a946-6065c95ecdcb,,e73_LegacyInformation,1,brocade.url,,,,,,,,,,,,,,,,,,,,,,,,,,,,,,,,,,,,,,,https://anet.be/record/opacmpmobj/tg:mpmtk:19/N,brocade url,False,,,,,,,,,,,,
f2a88090-8fa8-59c3-a946-6065c95ecdcb,tg:mpmtk:19,e73_MaterialRecords,1,materialRecords,,,,,,,,,,,,,,,,,,,,,,,,,,,,,,,,,,,,,,,,,,"[{""resourceId"": ""4da61ed6-63a1-5d83-bea9-45f5dca96b0b"", ""ontologyProperty"": """", ""resourceXresourceId"": ""ab9d1917-e359-4fac-b580-bd5a16510ee8"", ""inverseOntologyProperty"": """"}]",,,,,,,,,,,
f2a88090-8fa8-59c3-a946-6065c95ecdcb,tg:mpmtk:19,e73_Titles,1,id.title/ti,,,,,,,,,,,,,,,,,,,,,,,,,,,,,,,,,,,,,,,,,,,Voorstelling van de 'Ranunculus moscatella',titles proper,Dutch (language),,,,,,,,
f9f1deb6-85f5-53d9-b775-253f66648d52,tg:mpmtk:35,AA,0,,,,,,,,,,,,,,,,,,,,,,,,,,,,,,,,,,,,,,,,,,,,,,,Museum Plantin-Moretus,tg:mpmtk:35,https://data.museumplantinmoretus.be/ark:/11975/f9f1deb6-85f5-53d9-b775-253f66648d52,Tekeningen,,,,
f9f1deb6-85f5-53d9-b775-253f66648d52,,e73_ChangeHistoryRelations,1,,,,,,,,,,,,,,,,,,,,,,,,,,,,,,,,,,,,,,,,,,,,,,,,,,,,,,"[{""resourceId"": ""e8a7e835-cbdc-406e-8db2-e1781089b7cf"", ""ontologyProperty"": """", ""resourceXresourceId"": ""15f50642-e17c-4df0-815b-d4a5eaf9a146"", ""inverseOntologyProperty"": """"}]"
f9f1deb6-85f5-53d9-b775-253f66648d52,tg:mpmtk:35,e73_Copyrights,,,,,,,,,,,,,,,,,,,,,,,,,,,,,,,,,,,,,,,,,,,,,,,,,,,,1638,1753,No Copyright - Public Domain Mark 1.0,
f9f1deb6-85f5-53d9-b775-253f66648d52,tg:mpmtk:35,e73_CreationActors,,,au::15342,,,,mpm,0dd77f3c-9f4b-591f-96e2-8ae1e7a757d0,ar,,au::15342:1,au::15342g:1,,,,,mpmtk,Iconografie,artists (visual artists),,"dlod={""suggest"":[""/agents/people/1641594"",""au::15342"",""au::15342:1"",""ark:/83110/x0/0dd77f3c-9f4b-591f-96e2-8ae1e7a757d0"",""Erasmus II Quellinus""],""name"":""Erasmus II Quellinus"",""ark"":""ark:/83110/x0/0dd77f3c-9f4b-591f-96e2-8ae1e7a757d0"",""uri"":""/agents/people/1641594"",""id"":""au::15342:1"",""isCapacity"":false}",ark:/83110/x0/0dd77f3c-9f4b-591f-96e2-8ae1e7a757d0,,,,,,,,,,,,,,,,,,,,,,,,,,,,,,,,,
f9f1deb6-85f5-53d9-b775-253f66648d52,tg:mpmtk:35,e73_CreationTimeSpanSourceNotes,0,id/date.creationdate/so,,,,,,,,,,,,,,,,,,,,,,,,,,,16380000,,,,,,,,,,,,,,,,,,,,,,,,,,
f9f1deb6-85f5-53d9-b775-253f66648d52,tg:mpmtk:35,e73_CreationTimeSpanSourceNotes,1,id/date.creationdate/so,,,,,,,,,,,,,,,,,,,,,,,,,,,16390000,,,,,,,,,,,,,,,,,,,,,,,,,,
f9f1deb6-85f5-53d9-b775-253f66648d52,tg:mpmtk:35,e73_CreationTimeSpans,,,,,,,,,,,,,,,,,,,,,,,1638,1639,,,,,,,,,,,,,,,,,,,,,,,,,,,,,,,
f9f1deb6-85f5-53d9-b775-253f66648d52,tg:mpmtk:35,e73_Descriptions,,id.desc,,,,,,,,,,,,,,,,,,,,,,,,,,,,Romulus en Caesar staan links en rechts van een voetstuk met de titel van het boek,descriptive note,Nederlands,,,,,,,,,,,,,,,,,,,,,,,
f9f1deb6-85f5-53d9-b775-253f66648d52,tg:mpmtk:35,e73_ExternalRelations,1,,,,,,,,,,,,,,,,,,,,,,,,,,,,,,,,ontwerp voor,,,,c:lvd:641973,https://anet.be/record/opacmpm/,zie verder bibliotheekcatalogus Museum Plantin Moretus,,,,,,,,,,,,,,,,
f9f1deb6-85f5-53d9-b775-253f66648d52,,e73_LegacyInformation,0,id.objectNumber,,,,,,,,,,,,,,,,,,,,,,,,,,,,,,,,,,,,,,,BE-ANN00/tk/000000018,referentienummer,False,,,,,,,,,,,,
f9f1deb6-85f5-53d9-b775-253f66648d52,,e73_LegacyInformation,1,brocade.id,,,,,,,,,,,,,,,,,,,,,,,,,,,,,,,,,,,,,,,tg:mpmtk:35,brocade id,False,,,,,,,,,,,,
f9f1deb6-85f5-53d9-b775-253f66648d52,,e73_LegacyInformation,1,brocade.url,,,,,,,,,,,,,,,,,,,,,,,,,,,,,,,,,,,,,,,https://anet.be/record/opacmpmobj/tg:mpmtk:35/N,brocade url,False,,,,,,,,,,,,
f9f1deb6-85f5-53d9-b775-253f66648d52,tg:mpmtk:35,e73_MaterialRecords,1,materialRecords,,,,,,,,,,,,,,,,,,,,,,,,,,,,,,,,,,,,,,,,,,"[{""resourceId"": ""339485b6-089d-5448-8363-32ed32b78487"", ""ontologyProperty"": """", ""resourceXresourceId"": ""e1c56038-04f7-48d6-98c3-262bb82f39d1"", ""inverseOntologyProperty"": """"}]",,,,,,,,,,,
f9f1deb6-85f5-53d9-b775-253f66648d52,tg:mpmtk:35,e73_Titles,1,id.title/ti,,,,,,,,,,,,,,,,,,,,,,,,,,,,,,,,,,,,,,,,,,,"Ontwerp voor de titelpagina van Carolus Neapolis, Anaptyxis ad Fastos P. Ovidii Nasonis",titles proper,Dutch (language),,,,,,,,
