ResourceID,card,order,source_field,Legacy Information Value,Legacy Information Type,Legacy Information Published
c285eabe-bdd8-5fa8-be09-e0d2398c5947,e73_LegacyInformation,0,id.objectNumber,BE-ANN00/ph/000000020,referentienummer,False
c285eabe-bdd8-5fa8-be09-e0d2398c5947,e73_LegacyInformation,1,brocade.id,tg:mpmph:31,brocade id,False
c285eabe-bdd8-5fa8-be09-e0d2398c5947,e73_LegacyInformation,1,brocade.url,https://anet.be/record/opacmpmobj/tg:mpmph:31/N,brocade url,False
32b561ba-598d-5dbe-9489-35948ec95d3c,e73_LegacyInformation,0,id.objectNumber,BE-ANN00/ph/000000010,referentienummer,False
32b561ba-598d-5dbe-9489-35948ec95d3c,e73_LegacyInformation,1,brocade.id,tg:mpmph:21,brocade id,False
32b561ba-598d-5dbe-9489-35948ec95d3c,e73_LegacyInformation,1,brocade.url,https://anet.be/record/opacmpmobj/tg:mpmph:21/N,brocade url,False
037115d1-f4fd-5466-9669-a426c185e2ac,e73_LegacyInformation,0,id.objectNumber,BE-ANN00/ph/000000077,referentienummer,False
037115d1-f4fd-5466-9669-a426c185e2ac,e73_LegacyInformation,1,brocade.id,tg:mpmph:88,brocade id,False
037115d1-f4fd-5466-9669-a426c185e2ac,e73_LegacyInformation,1,brocade.url,https://anet.be/record/opacmpmobj/tg:mpmph:88/N,brocade url,False
020d937c-b7b1-5ae0-9241-74fd925008ba,e73_LegacyInformation,0,id.objectNumber,BE-ANN00/ph/000000087,referentienummer,False
020d937c-b7b1-5ae0-9241-74fd925008ba,e73_LegacyInformation,1,brocade.id,tg:mpmph:98,brocade id,False
020d937c-b7b1-5ae0-9241-74fd925008ba,e73_LegacyInformation,1,brocade.url,https://anet.be/record/opacmpmobj/tg:mpmph:98/N,brocade url,False
e272703b-d5a8-58f6-99cc-7b327f7488d7,e73_LegacyInformation,0,id.objectNumber,BE-ANN00/ph/000000097,referentienummer,False
e272703b-d5a8-58f6-99cc-7b327f7488d7,e73_LegacyInformation,1,brocade.id,tg:mpmph:108,brocade id,False
e272703b-d5a8-58f6-99cc-7b327f7488d7,e73_LegacyInformation,1,brocade.url,https://anet.be/record/opacmpmobj/tg:mpmph:108/N,brocade url,False
48a416aa-fd0c-5b4d-88b8-8491c78d09c4,e73_LegacyInformation,0,id.objectNumber,BE-ANN00/ph/000000042,referentienummer,False
48a416aa-fd0c-5b4d-88b8-8491c78d09c4,e73_LegacyInformation,1,brocade.id,tg:mpmph:53,brocade id,False
48a416aa-fd0c-5b4d-88b8-8491c78d09c4,e73_LegacyInformation,1,brocade.url,https://anet.be/record/opacmpmobj/tg:mpmph:53/N,brocade url,False
7bdeae05-9a01-5c7a-baba-17b7d04d3200,e73_LegacyInformation,0,id.objectNumber,BE-ANN00/ph/000000032,referentienummer,False
7bdeae05-9a01-5c7a-baba-17b7d04d3200,e73_LegacyInformation,1,brocade.id,tg:mpmph:43,brocade id,False
7bdeae05-9a01-5c7a-baba-17b7d04d3200,e73_LegacyInformation,1,brocade.url,https://anet.be/record/opacmpmobj/tg:mpmph:43/N,brocade url,False
cf10feed-9f60-5d97-9a97-6f221a03c746,e73_LegacyInformation,0,id.objectNumber,BE-ANN00/ph/000000090,referentienummer,False
cf10feed-9f60-5d97-9a97-6f221a03c746,e73_LegacyInformation,1,brocade.id,tg:mpmph:101,brocade id,False
cf10feed-9f60-5d97-9a97-6f221a03c746,e73_LegacyInformation,1,brocade.url,https://anet.be/record/opacmpmobj/tg:mpmph:101/N,brocade url,False
69b8e859-4eb7-5bdb-ba34-76e65b9a26a3,e73_LegacyInformation,0,id.objectNumber,BE-ANN00/ph/000000017,referentienummer,False
69b8e859-4eb7-5bdb-ba34-76e65b9a26a3,e73_LegacyInformation,1,brocade.id,tg:mpmph:28,brocade id,False
69b8e859-4eb7-5bdb-ba34-76e65b9a26a3,e73_LegacyInformation,1,brocade.url,https://anet.be/record/opacmpmobj/tg:mpmph:28/N,brocade url,False
1f65494d-9c65-535d-bcb1-a04cf80de46f,e73_LegacyInformation,0,id.objectNumber,BE-ANN00/ph/000000027,referentienummer,False
1f65494d-9c65-535d-bcb1-a04cf80de46f,e73_LegacyInformation,1,brocade.id,tg:mpmph:38,brocade id,False
1f65494d-9c65-535d-bcb1-a04cf80de46f,e73_LegacyInformation,1,brocade.url,https://anet.be/record/opacmpmobj/tg:mpmph:38/N,brocade url,False
b2b20816-1148-5965-89d9-95c6cfe2d0ab,e73_LegacyInformation,0,id.objectNumber,BE-ANN00/ph/000000080,referentienummer,False
b2b20816-1148-5965-89d9-95c6cfe2d0ab,e73_LegacyInformation,1,brocade.id,tg:mpmph:91,brocade id,False
b2b20816-1148-5965-89d9-95c6cfe2d0ab,e73_LegacyInformation,1,brocade.url,https://anet.be/record/opacmpmobj/tg:mpmph:91/N,brocade url,False
05915d97-808a-5322-ab95-3721b82d4af5,e73_LegacyInformation,0,id.objectNumber,BE-ANN00/ph/000000070,referentienummer,False
05915d97-808a-5322-ab95-3721b82d4af5,e73_LegacyInformation,1,brocade.id,tg:mpmph:81,brocade id,False
05915d97-808a-5322-ab95-3721b82d4af5,e73_LegacyInformation,1,brocade.url,https://anet.be/record/opacmpmobj/tg:mpmph:81/N,brocade url,False
12f6e1a1-833b-5a83-84fa-b7faf7a7386e,e73_LegacyInformation,0,id.objectNumber,BE-ANN00/ph/000000064,referentienummer,False
12f6e1a1-833b-5a83-84fa-b7faf7a7386e,e73_LegacyInformation,1,brocade.id,tg:mpmph:75,brocade id,False
12f6e1a1-833b-5a83-84fa-b7faf7a7386e,e73_LegacyInformation,1,brocade.url,https://anet.be/record/opacmpmobj/tg:mpmph:75/N,brocade url,False
c6ce51c0-0db0-5a1f-9fb7-361349dd4840,e73_LegacyInformation,0,id.objectNumber,BE-ANN00/ph/000000054,referentienummer,False
c6ce51c0-0db0-5a1f-9fb7-361349dd4840,e73_LegacyInformation,1,brocade.id,tg:mpmph:65,brocade id,False
c6ce51c0-0db0-5a1f-9fb7-361349dd4840,e73_LegacyInformation,1,brocade.url,https://anet.be/record/opacmpmobj/tg:mpmph:65/N,brocade url,False
f022dc4f-36b1-5a66-80aa-9944797a9e37,e73_LegacyInformation,0,id.objectNumber,BE-ANN00/ph/000000089,referentienummer,False
f022dc4f-36b1-5a66-80aa-9944797a9e37,e73_LegacyInformation,1,brocade.id,tg:mpmph:100,brocade id,False
f022dc4f-36b1-5a66-80aa-9944797a9e37,e73_LegacyInformation,1,brocade.url,https://anet.be/record/opacmpmobj/tg:mpmph:100/N,brocade url,False
b4182975-61f9-5203-a727-dd5c0ad07f18,e73_LegacyInformation,0,id.objectNumber,BE-ANN00/ph/000000099,referentienummer,False
b4182975-61f9-5203-a727-dd5c0ad07f18,e73_LegacyInformation,1,brocade.id,tg:mpmph:110,brocade id,False
b4182975-61f9-5203-a727-dd5c0ad07f18,e73_LegacyInformation,1,brocade.url,https://anet.be/record/opacmpmobj/tg:mpmph:110/N,brocade url,False
2d0bf567-5768-5791-b31c-86e0269b9dd9,e73_LegacyInformation,0,id.objectNumber,BE-ANN00/ph/000000069,referentienummer,False
2d0bf567-5768-5791-b31c-86e0269b9dd9,e73_LegacyInformation,1,brocade.id,tg:mpmph:80,brocade id,False
2d0bf567-5768-5791-b31c-86e0269b9dd9,e73_LegacyInformation,1,brocade.url,https://anet.be/record/opacmpmobj/tg:mpmph:80/N,brocade url,False
742c8708-ac9b-5dd4-aed5-96cfafdf58d6,e73_LegacyInformation,0,id.objectNumber,BE-ANN00/ph/000000079,referentienummer,False
742c8708-ac9b-5dd4-aed5-96cfafdf58d6,e73_LegacyInformation,1,brocade.id,tg:mpmph:90,brocade id,False
742c8708-ac9b-5dd4-aed5-96cfafdf58d6,e73_LegacyInformation,1,brocade.url,https://anet.be/record/opacmpmobj/tg:mpmph:90/N,brocade url,False
ca1cf717-87de-593d-879d-bbc322cc0af3,e73_LegacyInformation,0,id.objectNumber,BE-ANN00/ph/000000028,referentienummer,False
ca1cf717-87de-593d-879d-bbc322cc0af3,e73_LegacyInformation,1,brocade.id,tg:mpmph:39,brocade id,False
ca1cf717-87de-593d-879d-bbc322cc0af3,e73_LegacyInformation,1,brocade.url,https://anet.be/record/opacmpmobj/tg:mpmph:39/N,brocade url,False
98ede7e9-04cf-5572-9050-3c38ff08333c,e73_LegacyInformation,0,id.objectNumber,BE-ANN00/ph/000000018,referentienummer,False
98ede7e9-04cf-5572-9050-3c38ff08333c,e73_LegacyInformation,1,brocade.id,tg:mpmph:29,brocade id,False
98ede7e9-04cf-5572-9050-3c38ff08333c,e73_LegacyInformation,1,brocade.url,https://anet.be/record/opacmpmobj/tg:mpmph:29/N,brocade url,False
9ec5ab15-587a-5306-91c2-1fec1c22f42b,e73_LegacyInformation,0,id.objectNumber,BE-ANN00/ph/000000053,referentienummer,False
9ec5ab15-587a-5306-91c2-1fec1c22f42b,e73_LegacyInformation,1,brocade.id,tg:mpmph:64,brocade id,False
9ec5ab15-587a-5306-91c2-1fec1c22f42b,e73_LegacyInformation,1,brocade.url,https://anet.be/record/opacmpmobj/tg:mpmph:64/N,brocade url,False
46878d5c-014a-56a9-a7f8-35748ffb9d8a,e73_LegacyInformation,0,id.objectNumber,BE-ANN00/ph/000000063,referentienummer,False
46878d5c-014a-56a9-a7f8-35748ffb9d8a,e73_LegacyInformation,1,brocade.id,tg:mpmph:74,brocade id,False
46878d5c-014a-56a9-a7f8-35748ffb9d8a,e73_LegacyInformation,1,brocade.url,https://anet.be/record/opacmpmobj/tg:mpmph:74/N,brocade url,False
68a09ff2-b4bf-5cc1-979b-96655a7771a5,e73_LegacyInformation,0,id.objectNumber,BE-ANN00/ph/000000008,referentienummer,False
68a09ff2-b4bf-5cc1-979b-96655a7771a5,e73_LegacyInformation,1,brocade.id,tg:mpmph:16,brocade id,False
68a09ff2-b4bf-5cc1-979b-96655a7771a5,e73_LegacyInformation,1,brocade.url,https://anet.be/record/opacmpmobj/tg:mpmph:16/N,brocade url,False
bbe4a999-e119-5460-a0bd-2ef6005b0c19,e73_LegacyInformation,0,id.objectNumber,BE-ANN00/ph/000000088,referentienummer,False
bbe4a999-e119-5460-a0bd-2ef6005b0c19,e73_LegacyInformation,1,brocade.id,tg:mpmph:99,brocade id,False
bbe4a999-e119-5460-a0bd-2ef6005b0c19,e73_LegacyInformation,1,brocade.url,https://anet.be/record/opacmpmobj/tg:mpmph:99/N,brocade url,False
136b5024-824a-5852-aade-a50bef89e1b1,e73_LegacyInformation,0,id.objectNumber,BE-ANN00/ph/000000078,referentienummer,False
136b5024-824a-5852-aade-a50bef89e1b1,e73_LegacyInformation,1,brocade.id,tg:mpmph:89,brocade id,False
136b5024-824a-5852-aade-a50bef89e1b1,e73_LegacyInformation,1,brocade.url,https://anet.be/record/opacmpmobj/tg:mpmph:89/N,brocade url,False
81aaae21-7028-5bcd-9dbb-dbccaa22064f,e73_LegacyInformation,0,id.objectNumber,BE-ANN00/ph/000000009,referentienummer,False
81aaae21-7028-5bcd-9dbb-dbccaa22064f,e73_LegacyInformation,1,brocade.id,tg:mpmph:20,brocade id,False
81aaae21-7028-5bcd-9dbb-dbccaa22064f,e73_LegacyInformation,1,brocade.url,https://anet.be/record/opacmpmobj/tg:mpmph:20/N,brocade url,False
446ac2b9-2e36-563c-9e73-2d747408702a,e73_LegacyInformation,0,id.objectNumber,BE-ANN00/ph/000000019,referentienummer,False
446ac2b9-2e36-563c-9e73-2d747408702a,e73_LegacyInformation,1,brocade.id,tg:mpmph:30,brocade id,False
446ac2b9-2e36-563c-9e73-2d747408702a,e73_LegacyInformation,1,brocade.url,https://anet.be/record/opacmpmobj/tg:mpmph:30/N,brocade url,False
ad8368fa-2ee2-55e7-b70e-b62a812b56ae,e73_LegacyInformation,0,id.objectNumber,BE-ANN00/ph/000000031,referentienummer,False
ad8368fa-2ee2-55e7-b70e-b62a812b56ae,e73_LegacyInformation,1,brocade.id,tg:mpmph:42,brocade id,False
ad8368fa-2ee2-55e7-b70e-b62a812b56ae,e73_LegacyInformation,1,brocade.url,https://anet.be/record/opacmpmobj/tg:mpmph:42/N,brocade url,False
22cdd8f7-6cf3-55fe-aa04-5b7efa7b9ff4,e73_LegacyInformation,0,id.objectNumber,BE-ANN00/ph/000000041,referentienummer,False
22cdd8f7-6cf3-55fe-aa04-5b7efa7b9ff4,e73_LegacyInformation,1,brocade.id,tg:mpmph:52,brocade id,False
22cdd8f7-6cf3-55fe-aa04-5b7efa7b9ff4,e73_LegacyInformation,1,brocade.url,https://anet.be/record/opacmpmobj/tg:mpmph:52/N,brocade url,False
1616a1ee-ecef-5dc0-a725-4482623bfc55,e73_LegacyInformation,0,id.objectNumber,BE-ANN00/ph/000000098,referentienummer,False
1616a1ee-ecef-5dc0-a725-4482623bfc55,e73_LegacyInformation,1,brocade.id,tg:mpmph:109,brocade id,False
1616a1ee-ecef-5dc0-a725-4482623bfc55,e73_LegacyInformation,1,brocade.url,https://anet.be/record/opacmpmobj/tg:mpmph:109/N,brocade url,False
4d365fa2-2ad0-53e9-a168-01512accff50,e73_LegacyInformation,0,id.objectNumber,BE-ANN00/ph/000000081,referentienummer,False
4d365fa2-2ad0-53e9-a168-01512accff50,e73_LegacyInformation,1,brocade.id,tg:mpmph:92,brocade id,False
4d365fa2-2ad0-53e9-a168-01512accff50,e73_LegacyInformation,1,brocade.url,https://anet.be/record/opacmpmobj/tg:mpmph:92/N,brocade url,False
c417b291-2b00-5e32-8b8b-dbc7063baecb,e73_LegacyInformation,0,id.objectNumber,BE-ANN00/ph/000000071,referentienummer,False
c417b291-2b00-5e32-8b8b-dbc7063baecb,e73_LegacyInformation,1,brocade.id,tg:mpmph:82,brocade id,False
c417b291-2b00-5e32-8b8b-dbc7063baecb,e73_LegacyInformation,1,brocade.url,https://anet.be/record/opacmpmobj/tg:mpmph:82/N,brocade url,False
88418fac-2c30-5ae1-b7f8-659da144e16c,e73_LegacyInformation,0,id.objectNumber,BE-ANN00/ph/000000038,referentienummer,False
88418fac-2c30-5ae1-b7f8-659da144e16c,e73_LegacyInformation,1,brocade.id,tg:mpmph:49,brocade id,False
88418fac-2c30-5ae1-b7f8-659da144e16c,e73_LegacyInformation,1,brocade.url,https://anet.be/record/opacmpmobj/tg:mpmph:49/N,brocade url,False
8e67ae5a-ecce-5684-aec6-c266ea6a8d35,e73_LegacyInformation,0,id.objectNumber,BE-ANN00/ph/000000048,referentienummer,False
8e67ae5a-ecce-5684-aec6-c266ea6a8d35,e73_LegacyInformation,1,brocade.id,tg:mpmph:59,brocade id,False
8e67ae5a-ecce-5684-aec6-c266ea6a8d35,e73_LegacyInformation,1,brocade.url,https://anet.be/record/opacmpmobj/tg:mpmph:59/N,brocade url,False
0601325c-d473-5b61-888a-cfab9bd292d6,e73_LegacyInformation,0,id.objectNumber,BE-ANN00/ph/000000091,referentienummer,False
0601325c-d473-5b61-888a-cfab9bd292d6,e73_LegacyInformation,1,brocade.id,tg:mpmph:102,brocade id,False
0601325c-d473-5b61-888a-cfab9bd292d6,e73_LegacyInformation,1,brocade.url,https://anet.be/record/opacmpmobj/tg:mpmph:102/N,brocade url,False
177dc347-eab9-5aa9-9bed-bcc55aa5c471,e73_LegacyInformation,0,id.objectNumber,BE-ANN00/ph/000000006,referentienummer,False
177dc347-eab9-5aa9-9bed-bcc55aa5c471,e73_LegacyInformation,1,brocade.id,tg:mpmph:14,brocade id,False
177dc347-eab9-5aa9-9bed-bcc55aa5c471,e73_LegacyInformation,1,brocade.url,https://anet.be/record/opacmpmobj/tg:mpmph:14/N,brocade url,False
dcc9188a-6856-50f7-b147-658bdb097ba6,e73_LegacyInformation,0,id.objectNumber,BE-ANN00/ph/000000065,referentienummer,False
dcc9188a-6856-50f7-b147-658bdb097ba6,e73_LegacyInformation,1,brocade.id,tg:mpmph:76,brocade id,False
dcc9188a-6856-50f7-b147-658bdb097ba6,e73_LegacyInformation,1,brocade.url,https://anet.be/record/opacmpmobj/tg:mpmph:76/N,brocade url,False
446b3528-00c5-567d-b487-16c664daba1b,e73_LegacyInformation,0,id.objectNumber,BE-ANN00/ph/000000055,referentienummer,False
446b3528-00c5-567d-b487-16c664daba1b,e73_LegacyInformation,1,brocade.id,tg:mpmph:66,brocade id,False
446b3528-00c5-567d-b487-16c664daba1b,e73_LegacyInformation,1,brocade.url,https://anet.be/record/opacmpmobj/tg:mpmph:66/N,brocade url,False
633eb992-a5fd-5527-a534-d01b12ca13f7,e73_LegacyInformation,0,id.objectNumber,BE-ANN00/ph/000000039,referentienummer,False
633eb992-a5fd-5527-a534-d01b12ca13f7,e73_LegacyInformation,1,brocade.id,tg:mpmph:50,brocade id,False
633eb992-a5fd-5527-a534-d01b12ca13f7,e73_LegacyInformation,1,brocade.url,https://anet.be/record/opacmpmobj/tg:mpmph:50/N,brocade url,False
89a03f1f-a849-54d1-bad7-0b3783be0323,e73_LegacyInformation,0,id.objectNumber,BE-ANN00/ph/000000029,referentienummer,False
89a03f1f-a849-54d1-bad7-0b3783be0323,e73_LegacyInformation,1,brocade.id,tg:mpmph:40,brocade id,False
89a03f1f-a849-54d1-bad7-0b3783be0323,e73_LegacyInformation,1,brocade.url,https://anet.be/record/opacmpmobj/tg:mpmph:40/N,brocade url,False
cf3016fe-7454-52a8-90e3-f1bd64f1d2ee,e73_LegacyInformation,0,id.objectNumber,BE-ANN00/ph/000000021,referentienummer,False
cf3016fe-7454-52a8-90e3-f1bd64f1d2ee,e73_LegacyInformation,1,brocade.id,tg:mpmph:32,brocade id,False
cf3016fe-7454-52a8-90e3-f1bd64f1d2ee,e73_LegacyInformation,1,brocade.url,https://anet.be/record/opacmpmobj/tg:mpmph:32/N,brocade url,False
2463587d-8d6e-5386-a2ff-5b722d676cf3,e73_LegacyInformation,0,id.objectNumber,BE-ANN00/ph/000000011,referentienummer,False
2463587d-8d6e-5386-a2ff-5b722d676cf3,e73_LegacyInformation,1,brocade.id,tg:mpmph:22,brocade id,False
2463587d-8d6e-5386-a2ff-5b722d676cf3,e73_LegacyInformation,1,brocade.url,https://anet.be/record/opacmpmobj/tg:mpmph:22/N,brocade url,False
eb9f60d8-3e27-5471-a2dd-90e2c3182af8,e73_LegacyInformation,0,id.objectNumber,BE-ANN00/ph/000000030,referentienummer,False
eb9f60d8-3e27-5471-a2dd-90e2c3182af8,e73_LegacyInformation,1,brocade.id,tg:mpmph:41,brocade id,False
eb9f60d8-3e27-5471-a2dd-90e2c3182af8,e73_LegacyInformation,1,brocade.url,https://anet.be/record/opacmpmobj/tg:mpmph:41/N,brocade url,False
ce680aee-e5e6-55f0-80d3-6ea99cfa9014,e73_LegacyInformation,0,id.objectNumber,BE-ANN00/ph/000000040,referentienummer,False
ce680aee-e5e6-55f0-80d3-6ea99cfa9014,e73_LegacyInformation,1,brocade.id,tg:mpmph:51,brocade id,False
ce680aee-e5e6-55f0-80d3-6ea99cfa9014,e73_LegacyInformation,1,brocade.url,https://anet.be/record/opacmpmobj/tg:mpmph:51/N,brocade url,False
78bb7a61-bdf1-5d4d-b658-8ff864536f1f,e73_LegacyInformation,0,id.objectNumber,BE-ANN00/ph/000000012,referentienummer,False
78bb7a61-bdf1-5d4d-b658-8ff864536f1f,e73_LegacyInformation,1,brocade.id,tg:mpmph:23,brocade id,False
78bb7a61-bdf1-5d4d-b658-8ff864536f1f,e73_LegacyInformation,1,brocade.url,https://anet.be/record/opacmpmobj/tg:mpmph:23/N,brocade url,False
8cba6c96-a1d7-539e-afab-09fb50291ff1,e73_LegacyInformation,0,id.objectNumber,BE-ANN00/ph/000000022,referentienummer,False
8cba6c96-a1d7-539e-afab-09fb50291ff1,e73_LegacyInformation,1,brocade.id,tg:mpmph:33,brocade id,False
8cba6c96-a1d7-539e-afab-09fb50291ff1,e73_LegacyInformation,1,brocade.url,https://anet.be/record/opacmpmobj/tg:mpmph:33/N,brocade url,False
a1a62dd7-888c-5852-bc7a-be4f1155f8ad,e73_LegacyInformation,0,id.objectNumber,BE-ANN00/ph/000000072,referentienummer,False
a1a62dd7-888c-5852-bc7a-be4f1155f8ad,e73_LegacyInformation,1,brocade.id,tg:mpmph:83,brocade id,False
a1a62dd7-888c-5852-bc7a-be4f1155f8ad,e73_LegacyInformation,1,brocade.url,https://anet.be/record/opacmpmobj/tg:mpmph:83/N,brocade url,False
ec155823-5b37-5cd0-81b6-32f91ae379ad,e73_LegacyInformation,0,id.objectNumber,BE-ANN00/ph/000000082,referentienummer,False
ec155823-5b37-5cd0-81b6-32f91ae379ad,e73_LegacyInformation,1,brocade.id,tg:mpmph:93,brocade id,False
ec155823-5b37-5cd0-81b6-32f91ae379ad,e73_LegacyInformation,1,brocade.url,https://anet.be/record/opacmpmobj/tg:mpmph:93/N,brocade url,False
d5c19f67-3719-52d5-9e0f-b7768c9639da,e73_LegacyInformation,0,id.objectNumber,BE-ANN00/ph/000000092,referentienummer,False
d5c19f67-3719-52d5-9e0f-b7768c9639da,e73_LegacyInformation,1,brocade.id,tg:mpmph:103,brocade id,False
d5c19f67-3719-52d5-9e0f-b7768c9639da,e73_LegacyInformation,1,brocade.url,https://anet.be/record/opacmpmobj/tg:mpmph:103/N,brocade url,False
2b4d685e-b10d-53a0-805a-ca573233299a,e73_LegacyInformation,0,id.objectNumber,BE-ANN00/ph/000000047,referentienummer,False
2b4d685e-b10d-53a0-805a-ca573233299a,e73_LegacyInformation,1,brocade.id,tg:mpmph:58,brocade id,False
2b4d685e-b10d-53a0-805a-ca573233299a,e73_LegacyInformation,1,brocade.url,https://anet.be/record/opacmpmobj/tg:mpmph:58/N,brocade url,False
060fb598-f865-592d-9c41-12499f172880,e73_LegacyInformation,0,id.objectNumber,BE-ANN00/ph/000000037,referentienummer,False
060fb598-f865-592d-9c41-12499f172880,e73_LegacyInformation,1,brocade.id,tg:mpmph:48,brocade id,False
060fb598-f865-592d-9c41-12499f172880,e73_LegacyInformation,1,brocade.url,https://anet.be/record/opacmpmobj/tg:mpmph:48/N,brocade url,False
b779d048-874d-5380-96a7-853bb262031e,e73_LegacyInformation,0,id.objectNumber,BE-ANN00/ph/000000007,referentienummer,False
b779d048-874d-5380-96a7-853bb262031e,e73_LegacyInformation,1,brocade.id,tg:mpmph:15,brocade id,False
b779d048-874d-5380-96a7-853bb262031e,e73_LegacyInformation,1,brocade.url,https://anet.be/record/opacmpmobj/tg:mpmph:15/N,brocade url,False
d3c74a90-9b57-55dd-8e93-fdfabc918202,e73_LegacyInformation,0,id.objectNumber,BE-ANN00/ph/000000056,referentienummer,False
d3c74a90-9b57-55dd-8e93-fdfabc918202,e73_LegacyInformation,1,brocade.id,tg:mpmph:67,brocade id,False
d3c74a90-9b57-55dd-8e93-fdfabc918202,e73_LegacyInformation,1,brocade.url,https://anet.be/record/opacmpmobj/tg:mpmph:67/N,brocade url,False
5a37fe40-9a79-5043-bafe-b52608510cec,e73_LegacyInformation,0,id.objectNumber,BE-ANN00/ph/000000066,referentienummer,False
5a37fe40-9a79-5043-bafe-b52608510cec,e73_LegacyInformation,1,brocade.id,tg:mpmph:77,brocade id,False
5a37fe40-9a79-5043-bafe-b52608510cec,e73_LegacyInformation,1,brocade.url,https://anet.be/record/opacmpmobj/tg:mpmph:77/N,brocade url,False
f6735e38-fcf9-526b-a8fd-9c717dd0689f,e73_LegacyInformation,0,id.objectNumber,BE-ANN00/ph/000000061,referentienummer,False
f6735e38-fcf9-526b-a8fd-9c717dd0689f,e73_LegacyInformation,1,brocade.id,tg:mpmph:72,brocade id,False
f6735e38-fcf9-526b-a8fd-9c717dd0689f,e73_LegacyInformation,1,brocade.url,https://anet.be/record/opacmpmobj/tg:mpmph:72/N,brocade url,False
ca544464-175e-5f55-a753-ca7a95f2d15f,e73_LegacyInformation,0,id.objectNumber,BE-ANN00/ph/000000051,referentienummer,False
ca544464-175e-5f55-a753-ca7a95f2d15f,e73_LegacyInformation,1,brocade.id,tg:mpmph:62,brocade id,False
ca544464-175e-5f55-a753-ca7a95f2d15f,e73_LegacyInformation,1,brocade.url,https://anet.be/record/opacmpmobj/tg:mpmph:62/N,brocade url,False
5ca9f8d1-8de9-54c6-b967-9cced4c58b77,e73_LegacyInformation,0,id.objectNumber,BE-ANN00/ph/000000085,referentienummer,False
5ca9f8d1-8de9-54c6-b967-9cced4c58b77,e73_LegacyInformation,1,brocade.id,tg:mpmph:96,brocade id,False
5ca9f8d1-8de9-54c6-b967-9cced4c58b77,e73_LegacyInformation,1,brocade.url,https://anet.be/record/opacmpmobj/tg:mpmph:96/N,brocade url,False
91de6a95-e16d-528e-b083-0aa0ec667874,e73_LegacyInformation,0,id.objectNumber,BE-ANN00/ph/000000075,referentienummer,False
91de6a95-e16d-528e-b083-0aa0ec667874,e73_LegacyInformation,1,brocade.id,tg:mpmph:86,brocade id,False
91de6a95-e16d-528e-b083-0aa0ec667874,e73_LegacyInformation,1,brocade.url,https://anet.be/record/opacmpmobj/tg:mpmph:86/N,brocade url,False
d4acb776-c4b3-5fbe-afd9-fcdf48785a6a,e73_LegacyInformation,0,id.objectNumber,BE-ANN00/ph/000000095,referentienummer,False
d4acb776-c4b3-5fbe-afd9-fcdf48785a6a,e73_LegacyInformation,1,brocade.id,tg:mpmph:106,brocade id,False
d4acb776-c4b3-5fbe-afd9-fcdf48785a6a,e73_LegacyInformation,1,brocade.url,https://anet.be/record/opacmpmobj/tg:mpmph:106/N,brocade url,False
e3703fe5-15c2-517f-afc9-62c6281816db,e73_LegacyInformation,0,id.objectNumber,BE-ANN00/ph/000000043,referentienummer,False
e3703fe5-15c2-517f-afc9-62c6281816db,e73_LegacyInformation,1,brocade.id,tg:mpmph:54,brocade id,False
e3703fe5-15c2-517f-afc9-62c6281816db,e73_LegacyInformation,1,brocade.url,https://anet.be/record/opacmpmobj/tg:mpmph:54/N,brocade url,False
da0d477e-791d-533c-920c-64439f8ca116,e73_LegacyInformation,0,id.objectNumber,BE-ANN00/ph/000000033,referentienummer,False
da0d477e-791d-533c-920c-64439f8ca116,e73_LegacyInformation,1,brocade.id,tg:mpmph:44,brocade id,False
da0d477e-791d-533c-920c-64439f8ca116,e73_LegacyInformation,1,brocade.url,https://anet.be/record/opacmpmobj/tg:mpmph:44/N,brocade url,False
ab7ea7c7-fdd6-5872-a84e-1db5fbeae028,e73_LegacyInformation,0,id.objectNumber,BE-ANN00/ph/000000025,referentienummer,False
ab7ea7c7-fdd6-5872-a84e-1db5fbeae028,e73_LegacyInformation,1,brocade.id,tg:mpmph:36,brocade id,False
ab7ea7c7-fdd6-5872-a84e-1db5fbeae028,e73_LegacyInformation,1,brocade.url,https://anet.be/record/opacmpmobj/tg:mpmph:36/N,brocade url,False
7293a118-14f6-5e59-af92-ecc173466317,e73_LegacyInformation,0,id.objectNumber,BE-ANN00/ph/000000015,referentienummer,False
7293a118-14f6-5e59-af92-ecc173466317,e73_LegacyInformation,1,brocade.id,tg:mpmph:26,brocade id,False
7293a118-14f6-5e59-af92-ecc173466317,e73_LegacyInformation,1,brocade.url,https://anet.be/record/opacmpmobj/tg:mpmph:26/N,brocade url,False
542a5794-1416-5a8f-a546-f590aaf911d0,e73_LegacyInformation,0,id.objectNumber,BE-ANN00/ph/000000034,referentienummer,False
542a5794-1416-5a8f-a546-f590aaf911d0,e73_LegacyInformation,1,brocade.id,tg:mpmph:45,brocade id,False
542a5794-1416-5a8f-a546-f590aaf911d0,e73_LegacyInformation,1,brocade.url,https://anet.be/record/opacmpmobj/tg:mpmph:45/N,brocade url,False
49d14bdd-d716-5a18-b3e3-cbefaff52d71,e73_LegacyInformation,0,id.objectNumber,BE-ANN00/ph/000000044,referentienummer,False
49d14bdd-d716-5a18-b3e3-cbefaff52d71,e73_LegacyInformation,1,brocade.id,tg:mpmph:55,brocade id,False
49d14bdd-d716-5a18-b3e3-cbefaff52d71,e73_LegacyInformation,1,brocade.url,https://anet.be/record/opacmpmobj/tg:mpmph:55/N,brocade url,False
3833b049-5858-5dce-902c-0b92c54c873c,e73_LegacyInformation,0,id.objectNumber,BE-ANN00/ph/000000016,referentienummer,False
3833b049-5858-5dce-902c-0b92c54c873c,e73_LegacyInformation,1,brocade.id,tg:mpmph:27,brocade id,False
3833b049-5858-5dce-902c-0b92c54c873c,e73_LegacyInformation,1,brocade.url,https://anet.be/record/opacmpmobj/tg:mpmph:27/N,brocade url,False
e322f4c8-b54e-5bc7-b1a5-82271b976183,e73_LegacyInformation,0,id.objectNumber,BE-ANN00/ph/000000026,referentienummer,False
e322f4c8-b54e-5bc7-b1a5-82271b976183,e73_LegacyInformation,1,brocade.id,tg:mpmph:37,brocade id,False
e322f4c8-b54e-5bc7-b1a5-82271b976183,e73_LegacyInformation,1,brocade.url,https://anet.be/record/opacmpmobj/tg:mpmph:37/N,brocade url,False
839033c8-e69d-5629-948b-144adfab957f,e73_LegacyInformation,0,id.objectNumber,BE-ANN00/ph/000000003,referentienummer,False
839033c8-e69d-5629-948b-144adfab957f,e73_LegacyInformation,1,brocade.id,tg:mpmph:11,brocade id,False
839033c8-e69d-5629-948b-144adfab957f,e73_LegacyInformation,1,brocade.url,https://anet.be/record/opacmpmobj/tg:mpmph:11/N,brocade url,False
aff69bb9-ae90-59e5-a7dd-3293d880f3f3,e73_LegacyInformation,0,id.objectNumber,BE-ANN00/ph/000000052,referentienummer,False
aff69bb9-ae90-59e5-a7dd-3293d880f3f3,e73_LegacyInformation,1,brocade.id,tg:mpmph:63,brocade id,False
aff69bb9-ae90-59e5-a7dd-3293d880f3f3,e73_LegacyInformation,1,brocade.url,https://anet.be/record/opacmpmobj/tg:mpmph:63/N,brocade url,False
90cc73ca-423c-5ad4-9e01-1c4af23a3d45,e73_LegacyInformation,0,id.objectNumber,BE-ANN00/ph/000000062,referentienummer,False
90cc73ca-423c-5ad4-9e01-1c4af23a3d45,e73_LegacyInformation,1,brocade.id,tg:mpmph:73,brocade id,False
90cc73ca-423c-5ad4-9e01-1c4af23a3d45,e73_LegacyInformation,1,brocade.url,https://anet.be/record/opacmpmobj/tg:mpmph:73/N,brocade url,False
e379bea5-acc2-56b7-b925-c86833e5e0f7,e73_LegacyInformation,0,id.objectNumber,BE-ANN00/ph/000000076,referentienummer,False
e379bea5-acc2-56b7-b925-c86833e5e0f7,e73_LegacyInformation,1,brocade.id,tg:mpmph:87,brocade id,False
e379bea5-acc2-56b7-b925-c86833e5e0f7,e73_LegacyInformation,1,brocade.url,https://anet.be/record/opacmpmobj/tg:mpmph:87/N,brocade url,False
532f07c7-65a3-5877-b8df-10a360ea13db,e73_LegacyInformation,0,id.objectNumber,BE-ANN00/ph/000000086,referentienummer,False
532f07c7-65a3-5877-b8df-10a360ea13db,e73_LegacyInformation,1,brocade.id,tg:mpmph:97,brocade id,False
532f07c7-65a3-5877-b8df-10a360ea13db,e73_LegacyInformation,1,brocade.url,https://anet.be/record/opacmpmobj/tg:mpmph:97/N,brocade url,False
f1acf235-9a61-5cf4-b3ee-4201be5ae731,e73_LegacyInformation,0,id.objectNumber,BE-ANN00/ph/000000096,referentienummer,False
f1acf235-9a61-5cf4-b3ee-4201be5ae731,e73_LegacyInformation,1,brocade.id,tg:mpmph:107,brocade id,False
f1acf235-9a61-5cf4-b3ee-4201be5ae731,e73_LegacyInformation,1,brocade.url,https://anet.be/record/opacmpmobj/tg:mpmph:107/N,brocade url,False
b9175eab-6809-5258-b666-b7d92cbd81f6,e73_LegacyInformation,0,id.objectNumber,BE-ANN00/ph/000000057,referentienummer,False
b9175eab-6809-5258-b666-b7d92cbd81f6,e73_LegacyInformation,1,brocade.id,tg:mpmph:68,brocade id,False
b9175eab-6809-5258-b666-b7d92cbd81f6,e73_LegacyInformation,1,brocade.url,https://anet.be/record/opacmpmobj/tg:mpmph:68/N,brocade url,False
7ad45804-4a27-5e19-b725-a63b0274f977,e73_LegacyInformation,0,id.objectNumber,BE-ANN00/ph/000000067,referentienummer,False
7ad45804-4a27-5e19-b725-a63b0274f977,e73_LegacyInformation,1,brocade.id,tg:mpmph:78,brocade id,False
7ad45804-4a27-5e19-b725-a63b0274f977,e73_LegacyInformation,1,brocade.url,https://anet.be/record/opacmpmobj/tg:mpmph:78/N,brocade url,False
ebb4dff4-5d75-5bc4-a4ec-68ac9960ebd9,e73_LegacyInformation,0,id.objectNumber,BE-ANN00/ph/000000024,referentienummer,False
ebb4dff4-5d75-5bc4-a4ec-68ac9960ebd9,e73_LegacyInformation,1,brocade.id,tg:mpmph:35,brocade id,False
ebb4dff4-5d75-5bc4-a4ec-68ac9960ebd9,e73_LegacyInformation,1,brocade.url,https://anet.be/record/opacmpmobj/tg:mpmph:35/N,brocade url,False
c00b0094-8110-5701-b563-b3682d5d9830,e73_LegacyInformation,0,id.objectNumber,BE-ANN00/ph/000000014,referentienummer,False
c00b0094-8110-5701-b563-b3682d5d9830,e73_LegacyInformation,1,brocade.id,tg:mpmph:25,brocade id,False
c00b0094-8110-5701-b563-b3682d5d9830,e73_LegacyInformation,1,brocade.url,https://anet.be/record/opacmpmobj/tg:mpmph:25/N,brocade url,False
4a84d2be-78bf-5112-bccf-849985bb9e41,e73_LegacyInformation,0,id.objectNumber,BE-ANN00/ph/000000046,referentienummer,False
4a84d2be-78bf-5112-bccf-849985bb9e41,e73_LegacyInformation,1,brocade.id,tg:mpmph:57,brocade id,False
4a84d2be-78bf-5112-bccf-849985bb9e41,e73_LegacyInformation,1,brocade.url,https://anet.be/record/opacmpmobj/tg:mpmph:57/N,brocade url,False
be985a73-618d-51f7-8dcd-8c76fd204cb8,e73_LegacyInformation,0,id.objectNumber,BE-ANN00/ph/000000036,referentienummer,False
be985a73-618d-51f7-8dcd-8c76fd204cb8,e73_LegacyInformation,1,brocade.id,tg:mpmph:47,brocade id,False
be985a73-618d-51f7-8dcd-8c76fd204cb8,e73_LegacyInformation,1,brocade.url,https://anet.be/record/opacmpmobj/tg:mpmph:47/N,brocade url,False
b869cf72-6a08-5ca0-9ac7-b8ead7db247b,e73_LegacyInformation,0,id.objectNumber,BE-ANN00/ph/000000060,referentienummer,False
b869cf72-6a08-5ca0-9ac7-b8ead7db247b,e73_LegacyInformation,1,brocade.id,tg:mpmph:71,brocade id,False
b869cf72-6a08-5ca0-9ac7-b8ead7db247b,e73_LegacyInformation,1,brocade.url,https://anet.be/record/opacmpmobj/tg:mpmph:71/N,brocade url,False
8fd08c50-6813-56e4-9bb9-7acd19caa13d,e73_LegacyInformation,0,id.objectNumber,BE-ANN00/ph/000000050,referentienummer,False
8fd08c50-6813-56e4-9bb9-7acd19caa13d,e73_LegacyInformation,1,brocade.id,tg:mpmph:61,brocade id,False
8fd08c50-6813-56e4-9bb9-7acd19caa13d,e73_LegacyInformation,1,brocade.url,https://anet.be/record/opacmpmobj/tg:mpmph:61/N,brocade url,False
de60bf3e-8106-5377-b9d7-dfd48da0c477,e73_LegacyInformation,0,id.objectNumber,BE-ANN00/ph/000000005,referentienummer,False
de60bf3e-8106-5377-b9d7-dfd48da0c477,e73_LegacyInformation,1,brocade.id,tg:mpmph:13,brocade id,False
de60bf3e-8106-5377-b9d7-dfd48da0c477,e73_LegacyInformation,1,brocade.url,https://anet.be/record/opacmpmobj/tg:mpmph:13/N,brocade url,False
39449520-06f0-5e6b-99f2-6e8304614e49,e73_LegacyInformation,0,id.objectNumber,BE-ANN00/ph/000000094,referentienummer,False
39449520-06f0-5e6b-99f2-6e8304614e49,e73_LegacyInformation,1,brocade.id,tg:mpmph:105,brocade id,False
39449520-06f0-5e6b-99f2-6e8304614e49,e73_LegacyInformation,1,brocade.url,https://anet.be/record/opacmpmobj/tg:mpmph:105/N,brocade url,False
722b81be-58eb-5ee1-afb2-fd90e1f689e0,e73_LegacyInformation,0,id.objectNumber,BE-ANN00/ph/000000084,referentienummer,False
722b81be-58eb-5ee1-afb2-fd90e1f689e0,e73_LegacyInformation,1,brocade.id,tg:mpmph:95,brocade id,False
722b81be-58eb-5ee1-afb2-fd90e1f689e0,e73_LegacyInformation,1,brocade.url,https://anet.be/record/opacmpmobj/tg:mpmph:95/N,brocade url,False
b4a763ce-8d74-5371-8c61-5f1e51af8da7,e73_LegacyInformation,0,id.objectNumber,BE-ANN00/ph/000000074,referentienummer,False
b4a763ce-8d74-5371-8c61-5f1e51af8da7,e73_LegacyInformation,1,brocade.id,tg:mpmph:85,brocade id,False
b4a763ce-8d74-5371-8c61-5f1e51af8da7,e73_LegacyInformation,1,brocade.url,https://anet.be/record/opacmpmobj/tg:mpmph:85/N,brocade url,False
8aead454-2ce8-5c0b-87eb-221f9edfd0e7,e73_LegacyInformation,0,id.objectNumber,BE-ANN00/ph/000000049,referentienummer,False
8aead454-2ce8-5c0b-87eb-221f9edfd0e7,e73_LegacyInformation,1,brocade.id,tg:mpmph:60,brocade id,False
8aead454-2ce8-5c0b-87eb-221f9edfd0e7,e73_LegacyInformation,1,brocade.url,https://anet.be/record/opacmpmobj/tg:mpmph:60/N,brocade url,False
a2118727-ee17-59e5-8ca7-365fd6cb0e76,e73_LegacyInformation,0,id.objectNumber,BE-ANN00/ph/000000059,referentienummer,False
a2118727-ee17-59e5-8ca7-365fd6cb0e76,e73_LegacyInformation,1,brocade.id,tg:mpmph:70,brocade id,False
a2118727-ee17-59e5-8ca7-365fd6cb0e76,e73_LegacyInformation,1,brocade.url,https://anet.be/record/opacmpmobj/tg:mpmph:70/N,brocade url,False
43fae41d-2b9c-5b34-b10c-e558dc89ae43,e73_LegacyInformation,0,id.objectNumber,BE-ANN00/ph/000000004,referentienummer,False
43fae41d-2b9c-5b34-b10c-e558dc89ae43,e73_LegacyInformation,1,brocade.id,tg:mpmph:12,brocade id,False
43fae41d-2b9c-5b34-b10c-e558dc89ae43,e73_LegacyInformation,1,brocade.url,https://anet.be/record/opacmpmobj/tg:mpmph:12/N,brocade url,False
163fb131-447e-56b5-90ad-d131f8b511ed,e73_LegacyInformation,0,id.objectNumber,BE-ANN00/ph/000000093,referentienummer,False
163fb131-447e-56b5-90ad-d131f8b511ed,e73_LegacyInformation,1,brocade.id,tg:mpmph:104,brocade id,False
163fb131-447e-56b5-90ad-d131f8b511ed,e73_LegacyInformation,1,brocade.url,https://anet.be/record/opacmpmobj/tg:mpmph:104/N,brocade url,False
0432b71a-5ff1-5f3f-a50a-2ddd4ba64778,e73_LegacyInformation,0,id.objectNumber,BE-ANN00/ph/000000073,referentienummer,False
0432b71a-5ff1-5f3f-a50a-2ddd4ba64778,e73_LegacyInformation,1,brocade.id,tg:mpmph:84,brocade id,False
0432b71a-5ff1-5f3f-a50a-2ddd4ba64778,e73_LegacyInformation,1,brocade.url,https://anet.be/record/opacmpmobj/tg:mpmph:84/N,brocade url,False
a62d28af-de06-5e81-bafa-e0ad618874e4,e73_LegacyInformation,0,id.objectNumber,BE-ANN00/ph/000000083,referentienummer,False
a62d28af-de06-5e81-bafa-e0ad618874e4,e73_LegacyInformation,1,brocade.id,tg:mpmph:94,brocade id,False
a62d28af-de06-5e81-bafa-e0ad618874e4,e73_LegacyInformation,1,brocade.url,https://anet.be/record/opacmpmobj/tg:mpmph:94/N,brocade url,False
dc54db9b-5e1a-5ec0-b0fa-e841ee18ddd4,e73_LegacyInformation,0,id.objectNumber,BE-ANN00/ph/000000068,referentienummer,False
dc54db9b-5e1a-5ec0-b0fa-e841ee18ddd4,e73_LegacyInformation,1,brocade.id,tg:mpmph:79,brocade id,False
dc54db9b-5e1a-5ec0-b0fa-e841ee18ddd4,e73_LegacyInformation,1,brocade.url,https://anet.be/record/opacmpmobj/tg:mpmph:79/N,brocade url,False
f302ed82-628d-5aed-9fff-5b5988d4b907,e73_LegacyInformation,0,id.objectNumber,BE-ANN00/ph/000000058,referentienummer,False
f302ed82-628d-5aed-9fff-5b5988d4b907,e73_LegacyInformation,1,brocade.id,tg:mpmph:69,brocade id,False
f302ed82-628d-5aed-9fff-5b5988d4b907,e73_LegacyInformation,1,brocade.url,https://anet.be/record/opacmpmobj/tg:mpmph:69/N,brocade url,False
646f1a58-cbb8-5ddb-bfa2-e0caee1a036f,e73_LegacyInformation,0,id.objectNumber,BE-ANN00/ph/000000013,referentienummer,False
646f1a58-cbb8-5ddb-bfa2-e0caee1a036f,e73_LegacyInformation,1,brocade.id,tg:mpmph:24,brocade id,False
646f1a58-cbb8-5ddb-bfa2-e0caee1a036f,e73_LegacyInformation,1,brocade.url,https://anet.be/record/opacmpmobj/tg:mpmph:24/N,brocade url,False
9bed1aae-f750-5292-b08d-0a4568e0ffca,e73_LegacyInformation,0,id.objectNumber,BE-ANN00/ph/000000023,referentienummer,False
9bed1aae-f750-5292-b08d-0a4568e0ffca,e73_LegacyInformation,1,brocade.id,tg:mpmph:34,brocade id,False
9bed1aae-f750-5292-b08d-0a4568e0ffca,e73_LegacyInformation,1,brocade.url,https://anet.be/record/opacmpmobj/tg:mpmph:34/N,brocade url,False
ea9728e0-875d-55d4-ac4b-03c5125b6707,e73_LegacyInformation,0,id.objectNumber,BE-ANN00/ph/000000035,referentienummer,False
ea9728e0-875d-55d4-ac4b-03c5125b6707,e73_LegacyInformation,1,brocade.id,tg:mpmph:46,brocade id,False
ea9728e0-875d-55d4-ac4b-03c5125b6707,e73_LegacyInformation,1,brocade.url,https://anet.be/record/opacmpmobj/tg:mpmph:46/N,brocade url,False
028e6a97-ddf1-5311-86ec-ef5b357a7a4b,e73_LegacyInformation,0,id.objectNumber,BE-ANN00/ph/000000045,referentienummer,False
028e6a97-ddf1-5311-86ec-ef5b357a7a4b,e73_LegacyInformation,1,brocade.id,tg:mpmph:56,brocade id,False
028e6a97-ddf1-5311-86ec-ef5b357a7a4b,e73_LegacyInformation,1,brocade.url,https://anet.be/record/opacmpmobj/tg:mpmph:56/N,brocade url,False
