ResourceID,brocade.id,museum,dataset,resource_model,card,ire.isaar.uuid,source_ire_type,Creation Actor Role,source_code,ire.isaar.id,place_au_code,Creation Actor Note,Creation Actor Widget,Creation Actor Identifier
c285eabe-bdd8-5fa8-be09-e0d2398c5947,tg:mpmph:31,mpm,mpmph,Foto,e73_CreationActors,0a7be828-2e65-544a-be43-c17268c049de,av,originators (administrative),au::19884,au::19884:1,au::19884g:1,,"dlod={""suggest"":[""/agents/people/2127588"",""au::19884"",""au::19884:1"",""ark:/83110/x0/0a7be828-2e65-544a-be43-c17268c049de"",""Hendrik Vervliet""],""name"":""Hendrik Vervliet"",""ark"":""ark:/83110/x0/0a7be828-2e65-544a-be43-c17268c049de"",""uri"":""/agents/people/2127588"",""id"":""au::19884:1"",""isCapacity"":false}",ark:/83110/x0/0a7be828-2e65-544a-be43-c17268c049de
32b561ba-598d-5dbe-9489-35948ec95d3c,tg:mpmph:21,mpm,mpmph,Foto,e73_CreationActors,0a7be828-2e65-544a-be43-c17268c049de,av,originators (administrative),au::19884,au::19884:1,au::19884g:1,,"dlod={""suggest"":[""/agents/people/2127588"",""au::19884"",""au::19884:1"",""ark:/83110/x0/0a7be828-2e65-544a-be43-c17268c049de"",""Hendrik Vervliet""],""name"":""Hendrik Vervliet"",""ark"":""ark:/83110/x0/0a7be828-2e65-544a-be43-c17268c049de"",""uri"":""/agents/people/2127588"",""id"":""au::19884:1"",""isCapacity"":false}",ark:/83110/x0/0a7be828-2e65-544a-be43-c17268c049de
037115d1-f4fd-5466-9669-a426c185e2ac,tg:mpmph:88,mpm,mpmph,Foto,e73_CreationActors,0a7be828-2e65-544a-be43-c17268c049de,av,originators (administrative),au::19884,au::19884:1,au::19884g:1,,"dlod={""suggest"":[""/agents/people/2127588"",""au::19884"",""au::19884:1"",""ark:/83110/x0/0a7be828-2e65-544a-be43-c17268c049de"",""Hendrik Vervliet""],""name"":""Hendrik Vervliet"",""ark"":""ark:/83110/x0/0a7be828-2e65-544a-be43-c17268c049de"",""uri"":""/agents/people/2127588"",""id"":""au::19884:1"",""isCapacity"":false}",ark:/83110/x0/0a7be828-2e65-544a-be43-c17268c049de
020d937c-b7b1-5ae0-9241-74fd925008ba,tg:mpmph:98,mpm,mpmph,Foto,e73_CreationActors,0a7be828-2e65-544a-be43-c17268c049de,av,originators (administrative),au::19884,au::19884:1,au::19884g:1,,"dlod={""suggest"":[""/agents/people/2127588"",""au::19884"",""au::19884:1"",""ark:/83110/x0/0a7be828-2e65-544a-be43-c17268c049de"",""Hendrik Vervliet""],""name"":""Hendrik Vervliet"",""ark"":""ark:/83110/x0/0a7be828-2e65-544a-be43-c17268c049de"",""uri"":""/agents/people/2127588"",""id"":""au::19884:1"",""isCapacity"":false}",ark:/83110/x0/0a7be828-2e65-544a-be43-c17268c049de
e272703b-d5a8-58f6-99cc-7b327f7488d7,tg:mpmph:108,mpm,mpmph,Foto,e73_CreationActors,0a7be828-2e65-544a-be43-c17268c049de,av,originators (administrative),au::19884,au::19884:1,au::19884g:1,,"dlod={""suggest"":[""/agents/people/2127588"",""au::19884"",""au::19884:1"",""ark:/83110/x0/0a7be828-2e65-544a-be43-c17268c049de"",""Hendrik Vervliet""],""name"":""Hendrik Vervliet"",""ark"":""ark:/83110/x0/0a7be828-2e65-544a-be43-c17268c049de"",""uri"":""/agents/people/2127588"",""id"":""au::19884:1"",""isCapacity"":false}",ark:/83110/x0/0a7be828-2e65-544a-be43-c17268c049de
48a416aa-fd0c-5b4d-88b8-8491c78d09c4,tg:mpmph:53,mpm,mpmph,Foto,e73_CreationActors,0a7be828-2e65-544a-be43-c17268c049de,av,originators (administrative),au::19884,au::19884:1,au::19884g:1,,"dlod={""suggest"":[""/agents/people/2127588"",""au::19884"",""au::19884:1"",""ark:/83110/x0/0a7be828-2e65-544a-be43-c17268c049de"",""Hendrik Vervliet""],""name"":""Hendrik Vervliet"",""ark"":""ark:/83110/x0/0a7be828-2e65-544a-be43-c17268c049de"",""uri"":""/agents/people/2127588"",""id"":""au::19884:1"",""isCapacity"":false}",ark:/83110/x0/0a7be828-2e65-544a-be43-c17268c049de
7bdeae05-9a01-5c7a-baba-17b7d04d3200,tg:mpmph:43,mpm,mpmph,Foto,e73_CreationActors,0a7be828-2e65-544a-be43-c17268c049de,av,originators (administrative),au::19884,au::19884:1,au::19884g:1,,"dlod={""suggest"":[""/agents/people/2127588"",""au::19884"",""au::19884:1"",""ark:/83110/x0/0a7be828-2e65-544a-be43-c17268c049de"",""Hendrik Vervliet""],""name"":""Hendrik Vervliet"",""ark"":""ark:/83110/x0/0a7be828-2e65-544a-be43-c17268c049de"",""uri"":""/agents/people/2127588"",""id"":""au::19884:1"",""isCapacity"":false}",ark:/83110/x0/0a7be828-2e65-544a-be43-c17268c049de
cf10feed-9f60-5d97-9a97-6f221a03c746,tg:mpmph:101,mpm,mpmph,Foto,e73_CreationActors,0a7be828-2e65-544a-be43-c17268c049de,av,originators (administrative),au::19884,au::19884:1,au::19884g:1,,"dlod={""suggest"":[""/agents/people/2127588"",""au::19884"",""au::19884:1"",""ark:/83110/x0/0a7be828-2e65-544a-be43-c17268c049de"",""Hendrik Vervliet""],""name"":""Hendrik Vervliet"",""ark"":""ark:/83110/x0/0a7be828-2e65-544a-be43-c17268c049de"",""uri"":""/agents/people/2127588"",""id"":""au::19884:1"",""isCapacity"":false}",ark:/83110/x0/0a7be828-2e65-544a-be43-c17268c049de
69b8e859-4eb7-5bdb-ba34-76e65b9a26a3,tg:mpmph:28,mpm,mpmph,Foto,e73_CreationActors,0a7be828-2e65-544a-be43-c17268c049de,av,originators (administrative),au::19884,au::19884:1,au::19884g:1,,"dlod={""suggest"":[""/agents/people/2127588"",""au::19884"",""au::19884:1"",""ark:/83110/x0/0a7be828-2e65-544a-be43-c17268c049de"",""Hendrik Vervliet""],""name"":""Hendrik Vervliet"",""ark"":""ark:/83110/x0/0a7be828-2e65-544a-be43-c17268c049de"",""uri"":""/agents/people/2127588"",""id"":""au::19884:1"",""isCapacity"":false}",ark:/83110/x0/0a7be828-2e65-544a-be43-c17268c049de
1f65494d-9c65-535d-bcb1-a04cf80de46f,tg:mpmph:38,mpm,mpmph,Foto,e73_CreationActors,0a7be828-2e65-544a-be43-c17268c049de,av,originators (administrative),au::19884,au::19884:1,au::19884g:1,,"dlod={""suggest"":[""/agents/people/2127588"",""au::19884"",""au::19884:1"",""ark:/83110/x0/0a7be828-2e65-544a-be43-c17268c049de"",""Hendrik Vervliet""],""name"":""Hendrik Vervliet"",""ark"":""ark:/83110/x0/0a7be828-2e65-544a-be43-c17268c049de"",""uri"":""/agents/people/2127588"",""id"":""au::19884:1"",""isCapacity"":false}",ark:/83110/x0/0a7be828-2e65-544a-be43-c17268c049de
b2b20816-1148-5965-89d9-95c6cfe2d0ab,tg:mpmph:91,mpm,mpmph,Foto,e73_CreationActors,0a7be828-2e65-544a-be43-c17268c049de,av,originators (administrative),au::19884,au::19884:1,au::19884g:1,,"dlod={""suggest"":[""/agents/people/2127588"",""au::19884"",""au::19884:1"",""ark:/83110/x0/0a7be828-2e65-544a-be43-c17268c049de"",""Hendrik Vervliet""],""name"":""Hendrik Vervliet"",""ark"":""ark:/83110/x0/0a7be828-2e65-544a-be43-c17268c049de"",""uri"":""/agents/people/2127588"",""id"":""au::19884:1"",""isCapacity"":false}",ark:/83110/x0/0a7be828-2e65-544a-be43-c17268c049de
05915d97-808a-5322-ab95-3721b82d4af5,tg:mpmph:81,mpm,mpmph,Foto,e73_CreationActors,0a7be828-2e65-544a-be43-c17268c049de,av,originators (administrative),au::19884,au::19884:1,au::19884g:1,,"dlod={""suggest"":[""/agents/people/2127588"",""au::19884"",""au::19884:1"",""ark:/83110/x0/0a7be828-2e65-544a-be43-c17268c049de"",""Hendrik Vervliet""],""name"":""Hendrik Vervliet"",""ark"":""ark:/83110/x0/0a7be828-2e65-544a-be43-c17268c049de"",""uri"":""/agents/people/2127588"",""id"":""au::19884:1"",""isCapacity"":false}",ark:/83110/x0/0a7be828-2e65-544a-be43-c17268c049de
12f6e1a1-833b-5a83-84fa-b7faf7a7386e,tg:mpmph:75,mpm,mpmph,Foto,e73_CreationActors,0a7be828-2e65-544a-be43-c17268c049de,av,originators (administrative),au::19884,au::19884:1,au::19884g:1,,"dlod={""suggest"":[""/agents/people/2127588"",""au::19884"",""au::19884:1"",""ark:/83110/x0/0a7be828-2e65-544a-be43-c17268c049de"",""Hendrik Vervliet""],""name"":""Hendrik Vervliet"",""ark"":""ark:/83110/x0/0a7be828-2e65-544a-be43-c17268c049de"",""uri"":""/agents/people/2127588"",""id"":""au::19884:1"",""isCapacity"":false}",ark:/83110/x0/0a7be828-2e65-544a-be43-c17268c049de
c6ce51c0-0db0-5a1f-9fb7-361349dd4840,tg:mpmph:65,mpm,mpmph,Foto,e73_CreationActors,0a7be828-2e65-544a-be43-c17268c049de,av,originators (administrative),au::19884,au::19884:1,au::19884g:1,,"dlod={""suggest"":[""/agents/people/2127588"",""au::19884"",""au::19884:1"",""ark:/83110/x0/0a7be828-2e65-544a-be43-c17268c049de"",""Hendrik Vervliet""],""name"":""Hendrik Vervliet"",""ark"":""ark:/83110/x0/0a7be828-2e65-544a-be43-c17268c049de"",""uri"":""/agents/people/2127588"",""id"":""au::19884:1"",""isCapacity"":false}",ark:/83110/x0/0a7be828-2e65-544a-be43-c17268c049de
f022dc4f-36b1-5a66-80aa-9944797a9e37,tg:mpmph:100,mpm,mpmph,Foto,e73_CreationActors,0a7be828-2e65-544a-be43-c17268c049de,av,originators (administrative),au::19884,au::19884:1,au::19884g:1,,"dlod={""suggest"":[""/agents/people/2127588"",""au::19884"",""au::19884:1"",""ark:/83110/x0/0a7be828-2e65-544a-be43-c17268c049de"",""Hendrik Vervliet""],""name"":""Hendrik Vervliet"",""ark"":""ark:/83110/x0/0a7be828-2e65-544a-be43-c17268c049de"",""uri"":""/agents/people/2127588"",""id"":""au::19884:1"",""isCapacity"":false}",ark:/83110/x0/0a7be828-2e65-544a-be43-c17268c049de
b4182975-61f9-5203-a727-dd5c0ad07f18,tg:mpmph:110,mpm,mpmph,Foto,e73_CreationActors,0a7be828-2e65-544a-be43-c17268c049de,av,originators (administrative),au::19884,au::19884:1,au::19884g:1,,"dlod={""suggest"":[""/agents/people/2127588"",""au::19884"",""au::19884:1"",""ark:/83110/x0/0a7be828-2e65-544a-be43-c17268c049de"",""Hendrik Vervliet""],""name"":""Hendrik Vervliet"",""ark"":""ark:/83110/x0/0a7be828-2e65-544a-be43-c17268c049de"",""uri"":""/agents/people/2127588"",""id"":""au::19884:1"",""isCapacity"":false}",ark:/83110/x0/0a7be828-2e65-544a-be43-c17268c049de
2d0bf567-5768-5791-b31c-86e0269b9dd9,tg:mpmph:80,mpm,mpmph,Foto,e73_CreationActors,0a7be828-2e65-544a-be43-c17268c049de,av,originators (administrative),au::19884,au::19884:1,au::19884g:1,,"dlod={""suggest"":[""/agents/people/2127588"",""au::19884"",""au::19884:1"",""ark:/83110/x0/0a7be828-2e65-544a-be43-c17268c049de"",""Hendrik Vervliet""],""name"":""Hendrik Vervliet"",""ark"":""ark:/83110/x0/0a7be828-2e65-544a-be43-c17268c049de"",""uri"":""/agents/people/2127588"",""id"":""au::19884:1"",""isCapacity"":false}",ark:/83110/x0/0a7be828-2e65-544a-be43-c17268c049de
742c8708-ac9b-5dd4-aed5-96cfafdf58d6,tg:mpmph:90,mpm,mpmph,Foto,e73_CreationActors,0a7be828-2e65-544a-be43-c17268c049de,av,originators (administrative),au::19884,au::19884:1,au::19884g:1,,"dlod={""suggest"":[""/agents/people/2127588"",""au::19884"",""au::19884:1"",""ark:/83110/x0/0a7be828-2e65-544a-be43-c17268c049de"",""Hendrik Vervliet""],""name"":""Hendrik Vervliet"",""ark"":""ark:/83110/x0/0a7be828-2e65-544a-be43-c17268c049de"",""uri"":""/agents/people/2127588"",""id"":""au::19884:1"",""isCapacity"":false}",ark:/83110/x0/0a7be828-2e65-544a-be43-c17268c049de
ca1cf717-87de-593d-879d-bbc322cc0af3,tg:mpmph:39,mpm,mpmph,Foto,e73_CreationActors,0a7be828-2e65-544a-be43-c17268c049de,av,originators (administrative),au::19884,au::19884:1,au::19884g:1,,"dlod={""suggest"":[""/agents/people/2127588"",""au::19884"",""au::19884:1"",""ark:/83110/x0/0a7be828-2e65-544a-be43-c17268c049de"",""Hendrik Vervliet""],""name"":""Hendrik Vervliet"",""ark"":""ark:/83110/x0/0a7be828-2e65-544a-be43-c17268c049de"",""uri"":""/agents/people/2127588"",""id"":""au::19884:1"",""isCapacity"":false}",ark:/83110/x0/0a7be828-2e65-544a-be43-c17268c049de
98ede7e9-04cf-5572-9050-3c38ff08333c,tg:mpmph:29,mpm,mpmph,Foto,e73_CreationActors,0a7be828-2e65-544a-be43-c17268c049de,av,originators (administrative),au::19884,au::19884:1,au::19884g:1,,"dlod={""suggest"":[""/agents/people/2127588"",""au::19884"",""au::19884:1"",""ark:/83110/x0/0a7be828-2e65-544a-be43-c17268c049de"",""Hendrik Vervliet""],""name"":""Hendrik Vervliet"",""ark"":""ark:/83110/x0/0a7be828-2e65-544a-be43-c17268c049de"",""uri"":""/agents/people/2127588"",""id"":""au::19884:1"",""isCapacity"":false}",ark:/83110/x0/0a7be828-2e65-544a-be43-c17268c049de
9ec5ab15-587a-5306-91c2-1fec1c22f42b,tg:mpmph:64,mpm,mpmph,Foto,e73_CreationActors,0a7be828-2e65-544a-be43-c17268c049de,av,originators (administrative),au::19884,au::19884:1,au::19884g:1,,"dlod={""suggest"":[""/agents/people/2127588"",""au::19884"",""au::19884:1"",""ark:/83110/x0/0a7be828-2e65-544a-be43-c17268c049de"",""Hendrik Vervliet""],""name"":""Hendrik Vervliet"",""ark"":""ark:/83110/x0/0a7be828-2e65-544a-be43-c17268c049de"",""uri"":""/agents/people/2127588"",""id"":""au::19884:1"",""isCapacity"":false}",ark:/83110/x0/0a7be828-2e65-544a-be43-c17268c049de
46878d5c-014a-56a9-a7f8-35748ffb9d8a,tg:mpmph:74,mpm,mpmph,Foto,e73_CreationActors,0a7be828-2e65-544a-be43-c17268c049de,av,originators (administrative),au::19884,au::19884:1,au::19884g:1,,"dlod={""suggest"":[""/agents/people/2127588"",""au::19884"",""au::19884:1"",""ark:/83110/x0/0a7be828-2e65-544a-be43-c17268c049de"",""Hendrik Vervliet""],""name"":""Hendrik Vervliet"",""ark"":""ark:/83110/x0/0a7be828-2e65-544a-be43-c17268c049de"",""uri"":""/agents/people/2127588"",""id"":""au::19884:1"",""isCapacity"":false}",ark:/83110/x0/0a7be828-2e65-544a-be43-c17268c049de
68a09ff2-b4bf-5cc1-979b-96655a7771a5,tg:mpmph:16,mpm,mpmph,Foto,e73_CreationActors,d2a1e3ec-f60a-5b72-a987-a56132888428,fo,photographers,au::4838,au::4838:1,au::4838g:1,,"dlod={""suggest"":[""/agents/corporate_entities/517666"",""au::4838"",""au::4838:1"",""ark:/83110/x0/d2a1e3ec-f60a-5b72-a987-a56132888428"",""De Dag [Dagblad]""],""name"":""De Dag [Dagblad]"",""ark"":""ark:/83110/x0/d2a1e3ec-f60a-5b72-a987-a56132888428"",""uri"":""/agents/corporate_entities/517666"",""id"":""au::4838:1"",""isCapacity"":false}",ark:/83110/x0/d2a1e3ec-f60a-5b72-a987-a56132888428
68a09ff2-b4bf-5cc1-979b-96655a7771a5,tg:mpmph:16,mpm,mpmph,Foto,e73_CreationActors,42798d8a-4823-5ee0-95af-a23264d6dc00,av,originators (administrative),au::13308,au::13308:1,au::13308g:1,,"dlod={""suggest"":[""/agents/corporate_entities/1423956"",""au::13308"",""au::13308:1"",""ark:/83110/x0/42798d8a-4823-5ee0-95af-a23264d6dc00"",""Museum Plantin-Moretus""],""name"":""Museum Plantin-Moretus"",""ark"":""ark:/83110/x0/42798d8a-4823-5ee0-95af-a23264d6dc00"",""uri"":""/agents/corporate_entities/1423956"",""id"":""au::13308:1"",""isCapacity"":false}",ark:/83110/x0/42798d8a-4823-5ee0-95af-a23264d6dc00
bbe4a999-e119-5460-a0bd-2ef6005b0c19,tg:mpmph:99,mpm,mpmph,Foto,e73_CreationActors,0a7be828-2e65-544a-be43-c17268c049de,av,originators (administrative),au::19884,au::19884:1,au::19884g:1,,"dlod={""suggest"":[""/agents/people/2127588"",""au::19884"",""au::19884:1"",""ark:/83110/x0/0a7be828-2e65-544a-be43-c17268c049de"",""Hendrik Vervliet""],""name"":""Hendrik Vervliet"",""ark"":""ark:/83110/x0/0a7be828-2e65-544a-be43-c17268c049de"",""uri"":""/agents/people/2127588"",""id"":""au::19884:1"",""isCapacity"":false}",ark:/83110/x0/0a7be828-2e65-544a-be43-c17268c049de
136b5024-824a-5852-aade-a50bef89e1b1,tg:mpmph:89,mpm,mpmph,Foto,e73_CreationActors,0a7be828-2e65-544a-be43-c17268c049de,av,originators (administrative),au::19884,au::19884:1,au::19884g:1,,"dlod={""suggest"":[""/agents/people/2127588"",""au::19884"",""au::19884:1"",""ark:/83110/x0/0a7be828-2e65-544a-be43-c17268c049de"",""Hendrik Vervliet""],""name"":""Hendrik Vervliet"",""ark"":""ark:/83110/x0/0a7be828-2e65-544a-be43-c17268c049de"",""uri"":""/agents/people/2127588"",""id"":""au::19884:1"",""isCapacity"":false}",ark:/83110/x0/0a7be828-2e65-544a-be43-c17268c049de
81aaae21-7028-5bcd-9dbb-dbccaa22064f,tg:mpmph:20,mpm,mpmph,Foto,e73_CreationActors,0a7be828-2e65-544a-be43-c17268c049de,av,originators (administrative),au::19884,au::19884:1,au::19884g:1,,"dlod={""suggest"":[""/agents/people/2127588"",""au::19884"",""au::19884:1"",""ark:/83110/x0/0a7be828-2e65-544a-be43-c17268c049de"",""Hendrik Vervliet""],""name"":""Hendrik Vervliet"",""ark"":""ark:/83110/x0/0a7be828-2e65-544a-be43-c17268c049de"",""uri"":""/agents/people/2127588"",""id"":""au::19884:1"",""isCapacity"":false}",ark:/83110/x0/0a7be828-2e65-544a-be43-c17268c049de
446ac2b9-2e36-563c-9e73-2d747408702a,tg:mpmph:30,mpm,mpmph,Foto,e73_CreationActors,0a7be828-2e65-544a-be43-c17268c049de,av,originators (administrative),au::19884,au::19884:1,au::19884g:1,,"dlod={""suggest"":[""/agents/people/2127588"",""au::19884"",""au::19884:1"",""ark:/83110/x0/0a7be828-2e65-544a-be43-c17268c049de"",""Hendrik Vervliet""],""name"":""Hendrik Vervliet"",""ark"":""ark:/83110/x0/0a7be828-2e65-544a-be43-c17268c049de"",""uri"":""/agents/people/2127588"",""id"":""au::19884:1"",""isCapacity"":false}",ark:/83110/x0/0a7be828-2e65-544a-be43-c17268c049de
ad8368fa-2ee2-55e7-b70e-b62a812b56ae,tg:mpmph:42,mpm,mpmph,Foto,e73_CreationActors,0a7be828-2e65-544a-be43-c17268c049de,av,originators (administrative),au::19884,au::19884:1,au::19884g:1,,"dlod={""suggest"":[""/agents/people/2127588"",""au::19884"",""au::19884:1"",""ark:/83110/x0/0a7be828-2e65-544a-be43-c17268c049de"",""Hendrik Vervliet""],""name"":""Hendrik Vervliet"",""ark"":""ark:/83110/x0/0a7be828-2e65-544a-be43-c17268c049de"",""uri"":""/agents/people/2127588"",""id"":""au::19884:1"",""isCapacity"":false}",ark:/83110/x0/0a7be828-2e65-544a-be43-c17268c049de
22cdd8f7-6cf3-55fe-aa04-5b7efa7b9ff4,tg:mpmph:52,mpm,mpmph,Foto,e73_CreationActors,0a7be828-2e65-544a-be43-c17268c049de,av,originators (administrative),au::19884,au::19884:1,au::19884g:1,,"dlod={""suggest"":[""/agents/people/2127588"",""au::19884"",""au::19884:1"",""ark:/83110/x0/0a7be828-2e65-544a-be43-c17268c049de"",""Hendrik Vervliet""],""name"":""Hendrik Vervliet"",""ark"":""ark:/83110/x0/0a7be828-2e65-544a-be43-c17268c049de"",""uri"":""/agents/people/2127588"",""id"":""au::19884:1"",""isCapacity"":false}",ark:/83110/x0/0a7be828-2e65-544a-be43-c17268c049de
1616a1ee-ecef-5dc0-a725-4482623bfc55,tg:mpmph:109,mpm,mpmph,Foto,e73_CreationActors,0a7be828-2e65-544a-be43-c17268c049de,av,originators (administrative),au::19884,au::19884:1,au::19884g:1,,"dlod={""suggest"":[""/agents/people/2127588"",""au::19884"",""au::19884:1"",""ark:/83110/x0/0a7be828-2e65-544a-be43-c17268c049de"",""Hendrik Vervliet""],""name"":""Hendrik Vervliet"",""ark"":""ark:/83110/x0/0a7be828-2e65-544a-be43-c17268c049de"",""uri"":""/agents/people/2127588"",""id"":""au::19884:1"",""isCapacity"":false}",ark:/83110/x0/0a7be828-2e65-544a-be43-c17268c049de
4d365fa2-2ad0-53e9-a168-01512accff50,tg:mpmph:92,mpm,mpmph,Foto,e73_CreationActors,0a7be828-2e65-544a-be43-c17268c049de,av,originators (administrative),au::19884,au::19884:1,au::19884g:1,,"dlod={""suggest"":[""/agents/people/2127588"",""au::19884"",""au::19884:1"",""ark:/83110/x0/0a7be828-2e65-544a-be43-c17268c049de"",""Hendrik Vervliet""],""name"":""Hendrik Vervliet"",""ark"":""ark:/83110/x0/0a7be828-2e65-544a-be43-c17268c049de"",""uri"":""/agents/people/2127588"",""id"":""au::19884:1"",""isCapacity"":false}",ark:/83110/x0/0a7be828-2e65-544a-be43-c17268c049de
c417b291-2b00-5e32-8b8b-dbc7063baecb,tg:mpmph:82,mpm,mpmph,Foto,e73_CreationActors,0a7be828-2e65-544a-be43-c17268c049de,av,originators (administrative),au::19884,au::19884:1,au::19884g:1,,"dlod={""suggest"":[""/agents/people/2127588"",""au::19884"",""au::19884:1"",""ark:/83110/x0/0a7be828-2e65-544a-be43-c17268c049de"",""Hendrik Vervliet""],""name"":""Hendrik Vervliet"",""ark"":""ark:/83110/x0/0a7be828-2e65-544a-be43-c17268c049de"",""uri"":""/agents/people/2127588"",""id"":""au::19884:1"",""isCapacity"":false}",ark:/83110/x0/0a7be828-2e65-544a-be43-c17268c049de
88418fac-2c30-5ae1-b7f8-659da144e16c,tg:mpmph:49,mpm,mpmph,Foto,e73_CreationActors,0a7be828-2e65-544a-be43-c17268c049de,av,originators (administrative),au::19884,au::19884:1,au::19884g:1,,"dlod={""suggest"":[""/agents/people/2127588"",""au::19884"",""au::19884:1"",""ark:/83110/x0/0a7be828-2e65-544a-be43-c17268c049de"",""Hendrik Vervliet""],""name"":""Hendrik Vervliet"",""ark"":""ark:/83110/x0/0a7be828-2e65-544a-be43-c17268c049de"",""uri"":""/agents/people/2127588"",""id"":""au::19884:1"",""isCapacity"":false}",ark:/83110/x0/0a7be828-2e65-544a-be43-c17268c049de
8e67ae5a-ecce-5684-aec6-c266ea6a8d35,tg:mpmph:59,mpm,mpmph,Foto,e73_CreationActors,0a7be828-2e65-544a-be43-c17268c049de,av,originators (administrative),au::19884,au::19884:1,au::19884g:1,,"dlod={""suggest"":[""/agents/people/2127588"",""au::19884"",""au::19884:1"",""ark:/83110/x0/0a7be828-2e65-544a-be43-c17268c049de"",""Hendrik Vervliet""],""name"":""Hendrik Vervliet"",""ark"":""ark:/83110/x0/0a7be828-2e65-544a-be43-c17268c049de"",""uri"":""/agents/people/2127588"",""id"":""au::19884:1"",""isCapacity"":false}",ark:/83110/x0/0a7be828-2e65-544a-be43-c17268c049de
0601325c-d473-5b61-888a-cfab9bd292d6,tg:mpmph:102,mpm,mpmph,Foto,e73_CreationActors,0a7be828-2e65-544a-be43-c17268c049de,av,originators (administrative),au::19884,au::19884:1,au::19884g:1,,"dlod={""suggest"":[""/agents/people/2127588"",""au::19884"",""au::19884:1"",""ark:/83110/x0/0a7be828-2e65-544a-be43-c17268c049de"",""Hendrik Vervliet""],""name"":""Hendrik Vervliet"",""ark"":""ark:/83110/x0/0a7be828-2e65-544a-be43-c17268c049de"",""uri"":""/agents/people/2127588"",""id"":""au::19884:1"",""isCapacity"":false}",ark:/83110/x0/0a7be828-2e65-544a-be43-c17268c049de
177dc347-eab9-5aa9-9bed-bcc55aa5c471,tg:mpmph:14,mpm,mpmph,Foto,e73_CreationActors,d2a1e3ec-f60a-5b72-a987-a56132888428,fo,photographers,au::4838,au::4838:1,au::4838g:1,,"dlod={""suggest"":[""/agents/corporate_entities/517666"",""au::4838"",""au::4838:1"",""ark:/83110/x0/d2a1e3ec-f60a-5b72-a987-a56132888428"",""De Dag [Dagblad]""],""name"":""De Dag [Dagblad]"",""ark"":""ark:/83110/x0/d2a1e3ec-f60a-5b72-a987-a56132888428"",""uri"":""/agents/corporate_entities/517666"",""id"":""au::4838:1"",""isCapacity"":false}",ark:/83110/x0/d2a1e3ec-f60a-5b72-a987-a56132888428
177dc347-eab9-5aa9-9bed-bcc55aa5c471,tg:mpmph:14,mpm,mpmph,Foto,e73_CreationActors,42798d8a-4823-5ee0-95af-a23264d6dc00,av,originators (administrative),au::13308,au::13308:1,au::13308g:1,,"dlod={""suggest"":[""/agents/corporate_entities/1423956"",""au::13308"",""au::13308:1"",""ark:/83110/x0/42798d8a-4823-5ee0-95af-a23264d6dc00"",""Museum Plantin-Moretus""],""name"":""Museum Plantin-Moretus"",""ark"":""ark:/83110/x0/42798d8a-4823-5ee0-95af-a23264d6dc00"",""uri"":""/agents/corporate_entities/1423956"",""id"":""au::13308:1"",""isCapacity"":false}",ark:/83110/x0/42798d8a-4823-5ee0-95af-a23264d6dc00
dcc9188a-6856-50f7-b147-658bdb097ba6,tg:mpmph:76,mpm,mpmph,Foto,e73_CreationActors,0a7be828-2e65-544a-be43-c17268c049de,av,originators (administrative),au::19884,au::19884:1,au::19884g:1,,"dlod={""suggest"":[""/agents/people/2127588"",""au::19884"",""au::19884:1"",""ark:/83110/x0/0a7be828-2e65-544a-be43-c17268c049de"",""Hendrik Vervliet""],""name"":""Hendrik Vervliet"",""ark"":""ark:/83110/x0/0a7be828-2e65-544a-be43-c17268c049de"",""uri"":""/agents/people/2127588"",""id"":""au::19884:1"",""isCapacity"":false}",ark:/83110/x0/0a7be828-2e65-544a-be43-c17268c049de
446b3528-00c5-567d-b487-16c664daba1b,tg:mpmph:66,mpm,mpmph,Foto,e73_CreationActors,0a7be828-2e65-544a-be43-c17268c049de,av,originators (administrative),au::19884,au::19884:1,au::19884g:1,,"dlod={""suggest"":[""/agents/people/2127588"",""au::19884"",""au::19884:1"",""ark:/83110/x0/0a7be828-2e65-544a-be43-c17268c049de"",""Hendrik Vervliet""],""name"":""Hendrik Vervliet"",""ark"":""ark:/83110/x0/0a7be828-2e65-544a-be43-c17268c049de"",""uri"":""/agents/people/2127588"",""id"":""au::19884:1"",""isCapacity"":false}",ark:/83110/x0/0a7be828-2e65-544a-be43-c17268c049de
633eb992-a5fd-5527-a534-d01b12ca13f7,tg:mpmph:50,mpm,mpmph,Foto,e73_CreationActors,0a7be828-2e65-544a-be43-c17268c049de,av,originators (administrative),au::19884,au::19884:1,au::19884g:1,,"dlod={""suggest"":[""/agents/people/2127588"",""au::19884"",""au::19884:1"",""ark:/83110/x0/0a7be828-2e65-544a-be43-c17268c049de"",""Hendrik Vervliet""],""name"":""Hendrik Vervliet"",""ark"":""ark:/83110/x0/0a7be828-2e65-544a-be43-c17268c049de"",""uri"":""/agents/people/2127588"",""id"":""au::19884:1"",""isCapacity"":false}",ark:/83110/x0/0a7be828-2e65-544a-be43-c17268c049de
89a03f1f-a849-54d1-bad7-0b3783be0323,tg:mpmph:40,mpm,mpmph,Foto,e73_CreationActors,0a7be828-2e65-544a-be43-c17268c049de,av,originators (administrative),au::19884,au::19884:1,au::19884g:1,,"dlod={""suggest"":[""/agents/people/2127588"",""au::19884"",""au::19884:1"",""ark:/83110/x0/0a7be828-2e65-544a-be43-c17268c049de"",""Hendrik Vervliet""],""name"":""Hendrik Vervliet"",""ark"":""ark:/83110/x0/0a7be828-2e65-544a-be43-c17268c049de"",""uri"":""/agents/people/2127588"",""id"":""au::19884:1"",""isCapacity"":false}",ark:/83110/x0/0a7be828-2e65-544a-be43-c17268c049de
cf3016fe-7454-52a8-90e3-f1bd64f1d2ee,tg:mpmph:32,mpm,mpmph,Foto,e73_CreationActors,0a7be828-2e65-544a-be43-c17268c049de,av,originators (administrative),au::19884,au::19884:1,au::19884g:1,,"dlod={""suggest"":[""/agents/people/2127588"",""au::19884"",""au::19884:1"",""ark:/83110/x0/0a7be828-2e65-544a-be43-c17268c049de"",""Hendrik Vervliet""],""name"":""Hendrik Vervliet"",""ark"":""ark:/83110/x0/0a7be828-2e65-544a-be43-c17268c049de"",""uri"":""/agents/people/2127588"",""id"":""au::19884:1"",""isCapacity"":false}",ark:/83110/x0/0a7be828-2e65-544a-be43-c17268c049de
2463587d-8d6e-5386-a2ff-5b722d676cf3,tg:mpmph:22,mpm,mpmph,Foto,e73_CreationActors,0a7be828-2e65-544a-be43-c17268c049de,av,originators (administrative),au::19884,au::19884:1,au::19884g:1,,"dlod={""suggest"":[""/agents/people/2127588"",""au::19884"",""au::19884:1"",""ark:/83110/x0/0a7be828-2e65-544a-be43-c17268c049de"",""Hendrik Vervliet""],""name"":""Hendrik Vervliet"",""ark"":""ark:/83110/x0/0a7be828-2e65-544a-be43-c17268c049de"",""uri"":""/agents/people/2127588"",""id"":""au::19884:1"",""isCapacity"":false}",ark:/83110/x0/0a7be828-2e65-544a-be43-c17268c049de
eb9f60d8-3e27-5471-a2dd-90e2c3182af8,tg:mpmph:41,mpm,mpmph,Foto,e73_CreationActors,0a7be828-2e65-544a-be43-c17268c049de,av,originators (administrative),au::19884,au::19884:1,au::19884g:1,,"dlod={""suggest"":[""/agents/people/2127588"",""au::19884"",""au::19884:1"",""ark:/83110/x0/0a7be828-2e65-544a-be43-c17268c049de"",""Hendrik Vervliet""],""name"":""Hendrik Vervliet"",""ark"":""ark:/83110/x0/0a7be828-2e65-544a-be43-c17268c049de"",""uri"":""/agents/people/2127588"",""id"":""au::19884:1"",""isCapacity"":false}",ark:/83110/x0/0a7be828-2e65-544a-be43-c17268c049de
ce680aee-e5e6-55f0-80d3-6ea99cfa9014,tg:mpmph:51,mpm,mpmph,Foto,e73_CreationActors,0a7be828-2e65-544a-be43-c17268c049de,av,originators (administrative),au::19884,au::19884:1,au::19884g:1,,"dlod={""suggest"":[""/agents/people/2127588"",""au::19884"",""au::19884:1"",""ark:/83110/x0/0a7be828-2e65-544a-be43-c17268c049de"",""Hendrik Vervliet""],""name"":""Hendrik Vervliet"",""ark"":""ark:/83110/x0/0a7be828-2e65-544a-be43-c17268c049de"",""uri"":""/agents/people/2127588"",""id"":""au::19884:1"",""isCapacity"":false}",ark:/83110/x0/0a7be828-2e65-544a-be43-c17268c049de
78bb7a61-bdf1-5d4d-b658-8ff864536f1f,tg:mpmph:23,mpm,mpmph,Foto,e73_CreationActors,0a7be828-2e65-544a-be43-c17268c049de,av,originators (administrative),au::19884,au::19884:1,au::19884g:1,,"dlod={""suggest"":[""/agents/people/2127588"",""au::19884"",""au::19884:1"",""ark:/83110/x0/0a7be828-2e65-544a-be43-c17268c049de"",""Hendrik Vervliet""],""name"":""Hendrik Vervliet"",""ark"":""ark:/83110/x0/0a7be828-2e65-544a-be43-c17268c049de"",""uri"":""/agents/people/2127588"",""id"":""au::19884:1"",""isCapacity"":false}",ark:/83110/x0/0a7be828-2e65-544a-be43-c17268c049de
8cba6c96-a1d7-539e-afab-09fb50291ff1,tg:mpmph:33,mpm,mpmph,Foto,e73_CreationActors,0a7be828-2e65-544a-be43-c17268c049de,av,originators (administrative),au::19884,au::19884:1,au::19884g:1,,"dlod={""suggest"":[""/agents/people/2127588"",""au::19884"",""au::19884:1"",""ark:/83110/x0/0a7be828-2e65-544a-be43-c17268c049de"",""Hendrik Vervliet""],""name"":""Hendrik Vervliet"",""ark"":""ark:/83110/x0/0a7be828-2e65-544a-be43-c17268c049de"",""uri"":""/agents/people/2127588"",""id"":""au::19884:1"",""isCapacity"":false}",ark:/83110/x0/0a7be828-2e65-544a-be43-c17268c049de
a1a62dd7-888c-5852-bc7a-be4f1155f8ad,tg:mpmph:83,mpm,mpmph,Foto,e73_CreationActors,0a7be828-2e65-544a-be43-c17268c049de,av,originators (administrative),au::19884,au::19884:1,au::19884g:1,,"dlod={""suggest"":[""/agents/people/2127588"",""au::19884"",""au::19884:1"",""ark:/83110/x0/0a7be828-2e65-544a-be43-c17268c049de"",""Hendrik Vervliet""],""name"":""Hendrik Vervliet"",""ark"":""ark:/83110/x0/0a7be828-2e65-544a-be43-c17268c049de"",""uri"":""/agents/people/2127588"",""id"":""au::19884:1"",""isCapacity"":false}",ark:/83110/x0/0a7be828-2e65-544a-be43-c17268c049de
ec155823-5b37-5cd0-81b6-32f91ae379ad,tg:mpmph:93,mpm,mpmph,Foto,e73_CreationActors,0a7be828-2e65-544a-be43-c17268c049de,av,originators (administrative),au::19884,au::19884:1,au::19884g:1,,"dlod={""suggest"":[""/agents/people/2127588"",""au::19884"",""au::19884:1"",""ark:/83110/x0/0a7be828-2e65-544a-be43-c17268c049de"",""Hendrik Vervliet""],""name"":""Hendrik Vervliet"",""ark"":""ark:/83110/x0/0a7be828-2e65-544a-be43-c17268c049de"",""uri"":""/agents/people/2127588"",""id"":""au::19884:1"",""isCapacity"":false}",ark:/83110/x0/0a7be828-2e65-544a-be43-c17268c049de
d5c19f67-3719-52d5-9e0f-b7768c9639da,tg:mpmph:103,mpm,mpmph,Foto,e73_CreationActors,0a7be828-2e65-544a-be43-c17268c049de,av,originators (administrative),au::19884,au::19884:1,au::19884g:1,,"dlod={""suggest"":[""/agents/people/2127588"",""au::19884"",""au::19884:1"",""ark:/83110/x0/0a7be828-2e65-544a-be43-c17268c049de"",""Hendrik Vervliet""],""name"":""Hendrik Vervliet"",""ark"":""ark:/83110/x0/0a7be828-2e65-544a-be43-c17268c049de"",""uri"":""/agents/people/2127588"",""id"":""au::19884:1"",""isCapacity"":false}",ark:/83110/x0/0a7be828-2e65-544a-be43-c17268c049de
2b4d685e-b10d-53a0-805a-ca573233299a,tg:mpmph:58,mpm,mpmph,Foto,e73_CreationActors,0a7be828-2e65-544a-be43-c17268c049de,av,originators (administrative),au::19884,au::19884:1,au::19884g:1,,"dlod={""suggest"":[""/agents/people/2127588"",""au::19884"",""au::19884:1"",""ark:/83110/x0/0a7be828-2e65-544a-be43-c17268c049de"",""Hendrik Vervliet""],""name"":""Hendrik Vervliet"",""ark"":""ark:/83110/x0/0a7be828-2e65-544a-be43-c17268c049de"",""uri"":""/agents/people/2127588"",""id"":""au::19884:1"",""isCapacity"":false}",ark:/83110/x0/0a7be828-2e65-544a-be43-c17268c049de
060fb598-f865-592d-9c41-12499f172880,tg:mpmph:48,mpm,mpmph,Foto,e73_CreationActors,0a7be828-2e65-544a-be43-c17268c049de,av,originators (administrative),au::19884,au::19884:1,au::19884g:1,,"dlod={""suggest"":[""/agents/people/2127588"",""au::19884"",""au::19884:1"",""ark:/83110/x0/0a7be828-2e65-544a-be43-c17268c049de"",""Hendrik Vervliet""],""name"":""Hendrik Vervliet"",""ark"":""ark:/83110/x0/0a7be828-2e65-544a-be43-c17268c049de"",""uri"":""/agents/people/2127588"",""id"":""au::19884:1"",""isCapacity"":false}",ark:/83110/x0/0a7be828-2e65-544a-be43-c17268c049de
b779d048-874d-5380-96a7-853bb262031e,tg:mpmph:15,mpm,mpmph,Foto,e73_CreationActors,d2a1e3ec-f60a-5b72-a987-a56132888428,fo,photographers,au::4838,au::4838:1,au::4838g:1,,"dlod={""suggest"":[""/agents/corporate_entities/517666"",""au::4838"",""au::4838:1"",""ark:/83110/x0/d2a1e3ec-f60a-5b72-a987-a56132888428"",""De Dag [Dagblad]""],""name"":""De Dag [Dagblad]"",""ark"":""ark:/83110/x0/d2a1e3ec-f60a-5b72-a987-a56132888428"",""uri"":""/agents/corporate_entities/517666"",""id"":""au::4838:1"",""isCapacity"":false}",ark:/83110/x0/d2a1e3ec-f60a-5b72-a987-a56132888428
b779d048-874d-5380-96a7-853bb262031e,tg:mpmph:15,mpm,mpmph,Foto,e73_CreationActors,42798d8a-4823-5ee0-95af-a23264d6dc00,av,originators (administrative),au::13308,au::13308:1,au::13308g:1,,"dlod={""suggest"":[""/agents/corporate_entities/1423956"",""au::13308"",""au::13308:1"",""ark:/83110/x0/42798d8a-4823-5ee0-95af-a23264d6dc00"",""Museum Plantin-Moretus""],""name"":""Museum Plantin-Moretus"",""ark"":""ark:/83110/x0/42798d8a-4823-5ee0-95af-a23264d6dc00"",""uri"":""/agents/corporate_entities/1423956"",""id"":""au::13308:1"",""isCapacity"":false}",ark:/83110/x0/42798d8a-4823-5ee0-95af-a23264d6dc00
d3c74a90-9b57-55dd-8e93-fdfabc918202,tg:mpmph:67,mpm,mpmph,Foto,e73_CreationActors,0a7be828-2e65-544a-be43-c17268c049de,av,originators (administrative),au::19884,au::19884:1,au::19884g:1,,"dlod={""suggest"":[""/agents/people/2127588"",""au::19884"",""au::19884:1"",""ark:/83110/x0/0a7be828-2e65-544a-be43-c17268c049de"",""Hendrik Vervliet""],""name"":""Hendrik Vervliet"",""ark"":""ark:/83110/x0/0a7be828-2e65-544a-be43-c17268c049de"",""uri"":""/agents/people/2127588"",""id"":""au::19884:1"",""isCapacity"":false}",ark:/83110/x0/0a7be828-2e65-544a-be43-c17268c049de
5a37fe40-9a79-5043-bafe-b52608510cec,tg:mpmph:77,mpm,mpmph,Foto,e73_CreationActors,0a7be828-2e65-544a-be43-c17268c049de,av,originators (administrative),au::19884,au::19884:1,au::19884g:1,,"dlod={""suggest"":[""/agents/people/2127588"",""au::19884"",""au::19884:1"",""ark:/83110/x0/0a7be828-2e65-544a-be43-c17268c049de"",""Hendrik Vervliet""],""name"":""Hendrik Vervliet"",""ark"":""ark:/83110/x0/0a7be828-2e65-544a-be43-c17268c049de"",""uri"":""/agents/people/2127588"",""id"":""au::19884:1"",""isCapacity"":false}",ark:/83110/x0/0a7be828-2e65-544a-be43-c17268c049de
f6735e38-fcf9-526b-a8fd-9c717dd0689f,tg:mpmph:72,mpm,mpmph,Foto,e73_CreationActors,0a7be828-2e65-544a-be43-c17268c049de,av,originators (administrative),au::19884,au::19884:1,au::19884g:1,,"dlod={""suggest"":[""/agents/people/2127588"",""au::19884"",""au::19884:1"",""ark:/83110/x0/0a7be828-2e65-544a-be43-c17268c049de"",""Hendrik Vervliet""],""name"":""Hendrik Vervliet"",""ark"":""ark:/83110/x0/0a7be828-2e65-544a-be43-c17268c049de"",""uri"":""/agents/people/2127588"",""id"":""au::19884:1"",""isCapacity"":false}",ark:/83110/x0/0a7be828-2e65-544a-be43-c17268c049de
ca544464-175e-5f55-a753-ca7a95f2d15f,tg:mpmph:62,mpm,mpmph,Foto,e73_CreationActors,0a7be828-2e65-544a-be43-c17268c049de,av,originators (administrative),au::19884,au::19884:1,au::19884g:1,,"dlod={""suggest"":[""/agents/people/2127588"",""au::19884"",""au::19884:1"",""ark:/83110/x0/0a7be828-2e65-544a-be43-c17268c049de"",""Hendrik Vervliet""],""name"":""Hendrik Vervliet"",""ark"":""ark:/83110/x0/0a7be828-2e65-544a-be43-c17268c049de"",""uri"":""/agents/people/2127588"",""id"":""au::19884:1"",""isCapacity"":false}",ark:/83110/x0/0a7be828-2e65-544a-be43-c17268c049de
5ca9f8d1-8de9-54c6-b967-9cced4c58b77,tg:mpmph:96,mpm,mpmph,Foto,e73_CreationActors,0a7be828-2e65-544a-be43-c17268c049de,av,originators (administrative),au::19884,au::19884:1,au::19884g:1,,"dlod={""suggest"":[""/agents/people/2127588"",""au::19884"",""au::19884:1"",""ark:/83110/x0/0a7be828-2e65-544a-be43-c17268c049de"",""Hendrik Vervliet""],""name"":""Hendrik Vervliet"",""ark"":""ark:/83110/x0/0a7be828-2e65-544a-be43-c17268c049de"",""uri"":""/agents/people/2127588"",""id"":""au::19884:1"",""isCapacity"":false}",ark:/83110/x0/0a7be828-2e65-544a-be43-c17268c049de
91de6a95-e16d-528e-b083-0aa0ec667874,tg:mpmph:86,mpm,mpmph,Foto,e73_CreationActors,0a7be828-2e65-544a-be43-c17268c049de,av,originators (administrative),au::19884,au::19884:1,au::19884g:1,,"dlod={""suggest"":[""/agents/people/2127588"",""au::19884"",""au::19884:1"",""ark:/83110/x0/0a7be828-2e65-544a-be43-c17268c049de"",""Hendrik Vervliet""],""name"":""Hendrik Vervliet"",""ark"":""ark:/83110/x0/0a7be828-2e65-544a-be43-c17268c049de"",""uri"":""/agents/people/2127588"",""id"":""au::19884:1"",""isCapacity"":false}",ark:/83110/x0/0a7be828-2e65-544a-be43-c17268c049de
d4acb776-c4b3-5fbe-afd9-fcdf48785a6a,tg:mpmph:106,mpm,mpmph,Foto,e73_CreationActors,0a7be828-2e65-544a-be43-c17268c049de,av,originators (administrative),au::19884,au::19884:1,au::19884g:1,,"dlod={""suggest"":[""/agents/people/2127588"",""au::19884"",""au::19884:1"",""ark:/83110/x0/0a7be828-2e65-544a-be43-c17268c049de"",""Hendrik Vervliet""],""name"":""Hendrik Vervliet"",""ark"":""ark:/83110/x0/0a7be828-2e65-544a-be43-c17268c049de"",""uri"":""/agents/people/2127588"",""id"":""au::19884:1"",""isCapacity"":false}",ark:/83110/x0/0a7be828-2e65-544a-be43-c17268c049de
e3703fe5-15c2-517f-afc9-62c6281816db,tg:mpmph:54,mpm,mpmph,Foto,e73_CreationActors,0a7be828-2e65-544a-be43-c17268c049de,av,originators (administrative),au::19884,au::19884:1,au::19884g:1,,"dlod={""suggest"":[""/agents/people/2127588"",""au::19884"",""au::19884:1"",""ark:/83110/x0/0a7be828-2e65-544a-be43-c17268c049de"",""Hendrik Vervliet""],""name"":""Hendrik Vervliet"",""ark"":""ark:/83110/x0/0a7be828-2e65-544a-be43-c17268c049de"",""uri"":""/agents/people/2127588"",""id"":""au::19884:1"",""isCapacity"":false}",ark:/83110/x0/0a7be828-2e65-544a-be43-c17268c049de
da0d477e-791d-533c-920c-64439f8ca116,tg:mpmph:44,mpm,mpmph,Foto,e73_CreationActors,0a7be828-2e65-544a-be43-c17268c049de,av,originators (administrative),au::19884,au::19884:1,au::19884g:1,,"dlod={""suggest"":[""/agents/people/2127588"",""au::19884"",""au::19884:1"",""ark:/83110/x0/0a7be828-2e65-544a-be43-c17268c049de"",""Hendrik Vervliet""],""name"":""Hendrik Vervliet"",""ark"":""ark:/83110/x0/0a7be828-2e65-544a-be43-c17268c049de"",""uri"":""/agents/people/2127588"",""id"":""au::19884:1"",""isCapacity"":false}",ark:/83110/x0/0a7be828-2e65-544a-be43-c17268c049de
ab7ea7c7-fdd6-5872-a84e-1db5fbeae028,tg:mpmph:36,mpm,mpmph,Foto,e73_CreationActors,0a7be828-2e65-544a-be43-c17268c049de,av,originators (administrative),au::19884,au::19884:1,au::19884g:1,,"dlod={""suggest"":[""/agents/people/2127588"",""au::19884"",""au::19884:1"",""ark:/83110/x0/0a7be828-2e65-544a-be43-c17268c049de"",""Hendrik Vervliet""],""name"":""Hendrik Vervliet"",""ark"":""ark:/83110/x0/0a7be828-2e65-544a-be43-c17268c049de"",""uri"":""/agents/people/2127588"",""id"":""au::19884:1"",""isCapacity"":false}",ark:/83110/x0/0a7be828-2e65-544a-be43-c17268c049de
7293a118-14f6-5e59-af92-ecc173466317,tg:mpmph:26,mpm,mpmph,Foto,e73_CreationActors,0a7be828-2e65-544a-be43-c17268c049de,av,originators (administrative),au::19884,au::19884:1,au::19884g:1,,"dlod={""suggest"":[""/agents/people/2127588"",""au::19884"",""au::19884:1"",""ark:/83110/x0/0a7be828-2e65-544a-be43-c17268c049de"",""Hendrik Vervliet""],""name"":""Hendrik Vervliet"",""ark"":""ark:/83110/x0/0a7be828-2e65-544a-be43-c17268c049de"",""uri"":""/agents/people/2127588"",""id"":""au::19884:1"",""isCapacity"":false}",ark:/83110/x0/0a7be828-2e65-544a-be43-c17268c049de
542a5794-1416-5a8f-a546-f590aaf911d0,tg:mpmph:45,mpm,mpmph,Foto,e73_CreationActors,0a7be828-2e65-544a-be43-c17268c049de,av,originators (administrative),au::19884,au::19884:1,au::19884g:1,,"dlod={""suggest"":[""/agents/people/2127588"",""au::19884"",""au::19884:1"",""ark:/83110/x0/0a7be828-2e65-544a-be43-c17268c049de"",""Hendrik Vervliet""],""name"":""Hendrik Vervliet"",""ark"":""ark:/83110/x0/0a7be828-2e65-544a-be43-c17268c049de"",""uri"":""/agents/people/2127588"",""id"":""au::19884:1"",""isCapacity"":false}",ark:/83110/x0/0a7be828-2e65-544a-be43-c17268c049de
49d14bdd-d716-5a18-b3e3-cbefaff52d71,tg:mpmph:55,mpm,mpmph,Foto,e73_CreationActors,0a7be828-2e65-544a-be43-c17268c049de,av,originators (administrative),au::19884,au::19884:1,au::19884g:1,,"dlod={""suggest"":[""/agents/people/2127588"",""au::19884"",""au::19884:1"",""ark:/83110/x0/0a7be828-2e65-544a-be43-c17268c049de"",""Hendrik Vervliet""],""name"":""Hendrik Vervliet"",""ark"":""ark:/83110/x0/0a7be828-2e65-544a-be43-c17268c049de"",""uri"":""/agents/people/2127588"",""id"":""au::19884:1"",""isCapacity"":false}",ark:/83110/x0/0a7be828-2e65-544a-be43-c17268c049de
3833b049-5858-5dce-902c-0b92c54c873c,tg:mpmph:27,mpm,mpmph,Foto,e73_CreationActors,0a7be828-2e65-544a-be43-c17268c049de,av,originators (administrative),au::19884,au::19884:1,au::19884g:1,,"dlod={""suggest"":[""/agents/people/2127588"",""au::19884"",""au::19884:1"",""ark:/83110/x0/0a7be828-2e65-544a-be43-c17268c049de"",""Hendrik Vervliet""],""name"":""Hendrik Vervliet"",""ark"":""ark:/83110/x0/0a7be828-2e65-544a-be43-c17268c049de"",""uri"":""/agents/people/2127588"",""id"":""au::19884:1"",""isCapacity"":false}",ark:/83110/x0/0a7be828-2e65-544a-be43-c17268c049de
e322f4c8-b54e-5bc7-b1a5-82271b976183,tg:mpmph:37,mpm,mpmph,Foto,e73_CreationActors,0a7be828-2e65-544a-be43-c17268c049de,av,originators (administrative),au::19884,au::19884:1,au::19884g:1,,"dlod={""suggest"":[""/agents/people/2127588"",""au::19884"",""au::19884:1"",""ark:/83110/x0/0a7be828-2e65-544a-be43-c17268c049de"",""Hendrik Vervliet""],""name"":""Hendrik Vervliet"",""ark"":""ark:/83110/x0/0a7be828-2e65-544a-be43-c17268c049de"",""uri"":""/agents/people/2127588"",""id"":""au::19884:1"",""isCapacity"":false}",ark:/83110/x0/0a7be828-2e65-544a-be43-c17268c049de
839033c8-e69d-5629-948b-144adfab957f,tg:mpmph:11,mpm,mpmph,Foto,e73_CreationActors,83a38e7a-7fb6-505f-b735-35e89b0c47d7,fo,photographers,au::7150,au::7150:1,au::7150g:1,,"dlod={""suggest"":[""/agents/corporate_entities/765050"",""au::7150"",""au::7150:1"",""ark:/83110/x0/83a38e7a-7fb6-505f-b735-35e89b0c47d7"",""Gazet van Antwerpen""],""name"":""Gazet van Antwerpen"",""ark"":""ark:/83110/x0/83a38e7a-7fb6-505f-b735-35e89b0c47d7"",""uri"":""/agents/corporate_entities/765050"",""id"":""au::7150:1"",""isCapacity"":false}",ark:/83110/x0/83a38e7a-7fb6-505f-b735-35e89b0c47d7
839033c8-e69d-5629-948b-144adfab957f,tg:mpmph:11,mpm,mpmph,Foto,e73_CreationActors,42798d8a-4823-5ee0-95af-a23264d6dc00,av,originators (administrative),au::13308,au::13308:1,au::13308g:1,,"dlod={""suggest"":[""/agents/corporate_entities/1423956"",""au::13308"",""au::13308:1"",""ark:/83110/x0/42798d8a-4823-5ee0-95af-a23264d6dc00"",""Museum Plantin-Moretus""],""name"":""Museum Plantin-Moretus"",""ark"":""ark:/83110/x0/42798d8a-4823-5ee0-95af-a23264d6dc00"",""uri"":""/agents/corporate_entities/1423956"",""id"":""au::13308:1"",""isCapacity"":false}",ark:/83110/x0/42798d8a-4823-5ee0-95af-a23264d6dc00
aff69bb9-ae90-59e5-a7dd-3293d880f3f3,tg:mpmph:63,mpm,mpmph,Foto,e73_CreationActors,0a7be828-2e65-544a-be43-c17268c049de,av,originators (administrative),au::19884,au::19884:1,au::19884g:1,,"dlod={""suggest"":[""/agents/people/2127588"",""au::19884"",""au::19884:1"",""ark:/83110/x0/0a7be828-2e65-544a-be43-c17268c049de"",""Hendrik Vervliet""],""name"":""Hendrik Vervliet"",""ark"":""ark:/83110/x0/0a7be828-2e65-544a-be43-c17268c049de"",""uri"":""/agents/people/2127588"",""id"":""au::19884:1"",""isCapacity"":false}",ark:/83110/x0/0a7be828-2e65-544a-be43-c17268c049de
90cc73ca-423c-5ad4-9e01-1c4af23a3d45,tg:mpmph:73,mpm,mpmph,Foto,e73_CreationActors,0a7be828-2e65-544a-be43-c17268c049de,av,originators (administrative),au::19884,au::19884:1,au::19884g:1,,"dlod={""suggest"":[""/agents/people/2127588"",""au::19884"",""au::19884:1"",""ark:/83110/x0/0a7be828-2e65-544a-be43-c17268c049de"",""Hendrik Vervliet""],""name"":""Hendrik Vervliet"",""ark"":""ark:/83110/x0/0a7be828-2e65-544a-be43-c17268c049de"",""uri"":""/agents/people/2127588"",""id"":""au::19884:1"",""isCapacity"":false}",ark:/83110/x0/0a7be828-2e65-544a-be43-c17268c049de
e379bea5-acc2-56b7-b925-c86833e5e0f7,tg:mpmph:87,mpm,mpmph,Foto,e73_CreationActors,0a7be828-2e65-544a-be43-c17268c049de,av,originators (administrative),au::19884,au::19884:1,au::19884g:1,,"dlod={""suggest"":[""/agents/people/2127588"",""au::19884"",""au::19884:1"",""ark:/83110/x0/0a7be828-2e65-544a-be43-c17268c049de"",""Hendrik Vervliet""],""name"":""Hendrik Vervliet"",""ark"":""ark:/83110/x0/0a7be828-2e65-544a-be43-c17268c049de"",""uri"":""/agents/people/2127588"",""id"":""au::19884:1"",""isCapacity"":false}",ark:/83110/x0/0a7be828-2e65-544a-be43-c17268c049de
532f07c7-65a3-5877-b8df-10a360ea13db,tg:mpmph:97,mpm,mpmph,Foto,e73_CreationActors,0a7be828-2e65-544a-be43-c17268c049de,av,originators (administrative),au::19884,au::19884:1,au::19884g:1,,"dlod={""suggest"":[""/agents/people/2127588"",""au::19884"",""au::19884:1"",""ark:/83110/x0/0a7be828-2e65-544a-be43-c17268c049de"",""Hendrik Vervliet""],""name"":""Hendrik Vervliet"",""ark"":""ark:/83110/x0/0a7be828-2e65-544a-be43-c17268c049de"",""uri"":""/agents/people/2127588"",""id"":""au::19884:1"",""isCapacity"":false}",ark:/83110/x0/0a7be828-2e65-544a-be43-c17268c049de
f1acf235-9a61-5cf4-b3ee-4201be5ae731,tg:mpmph:107,mpm,mpmph,Foto,e73_CreationActors,0a7be828-2e65-544a-be43-c17268c049de,av,originators (administrative),au::19884,au::19884:1,au::19884g:1,,"dlod={""suggest"":[""/agents/people/2127588"",""au::19884"",""au::19884:1"",""ark:/83110/x0/0a7be828-2e65-544a-be43-c17268c049de"",""Hendrik Vervliet""],""name"":""Hendrik Vervliet"",""ark"":""ark:/83110/x0/0a7be828-2e65-544a-be43-c17268c049de"",""uri"":""/agents/people/2127588"",""id"":""au::19884:1"",""isCapacity"":false}",ark:/83110/x0/0a7be828-2e65-544a-be43-c17268c049de
b9175eab-6809-5258-b666-b7d92cbd81f6,tg:mpmph:68,mpm,mpmph,Foto,e73_CreationActors,0a7be828-2e65-544a-be43-c17268c049de,av,originators (administrative),au::19884,au::19884:1,au::19884g:1,,"dlod={""suggest"":[""/agents/people/2127588"",""au::19884"",""au::19884:1"",""ark:/83110/x0/0a7be828-2e65-544a-be43-c17268c049de"",""Hendrik Vervliet""],""name"":""Hendrik Vervliet"",""ark"":""ark:/83110/x0/0a7be828-2e65-544a-be43-c17268c049de"",""uri"":""/agents/people/2127588"",""id"":""au::19884:1"",""isCapacity"":false}",ark:/83110/x0/0a7be828-2e65-544a-be43-c17268c049de
7ad45804-4a27-5e19-b725-a63b0274f977,tg:mpmph:78,mpm,mpmph,Foto,e73_CreationActors,0a7be828-2e65-544a-be43-c17268c049de,av,originators (administrative),au::19884,au::19884:1,au::19884g:1,,"dlod={""suggest"":[""/agents/people/2127588"",""au::19884"",""au::19884:1"",""ark:/83110/x0/0a7be828-2e65-544a-be43-c17268c049de"",""Hendrik Vervliet""],""name"":""Hendrik Vervliet"",""ark"":""ark:/83110/x0/0a7be828-2e65-544a-be43-c17268c049de"",""uri"":""/agents/people/2127588"",""id"":""au::19884:1"",""isCapacity"":false}",ark:/83110/x0/0a7be828-2e65-544a-be43-c17268c049de
ebb4dff4-5d75-5bc4-a4ec-68ac9960ebd9,tg:mpmph:35,mpm,mpmph,Foto,e73_CreationActors,0a7be828-2e65-544a-be43-c17268c049de,av,originators (administrative),au::19884,au::19884:1,au::19884g:1,,"dlod={""suggest"":[""/agents/people/2127588"",""au::19884"",""au::19884:1"",""ark:/83110/x0/0a7be828-2e65-544a-be43-c17268c049de"",""Hendrik Vervliet""],""name"":""Hendrik Vervliet"",""ark"":""ark:/83110/x0/0a7be828-2e65-544a-be43-c17268c049de"",""uri"":""/agents/people/2127588"",""id"":""au::19884:1"",""isCapacity"":false}",ark:/83110/x0/0a7be828-2e65-544a-be43-c17268c049de
c00b0094-8110-5701-b563-b3682d5d9830,tg:mpmph:25,mpm,mpmph,Foto,e73_CreationActors,0a7be828-2e65-544a-be43-c17268c049de,av,originators (administrative),au::19884,au::19884:1,au::19884g:1,,"dlod={""suggest"":[""/agents/people/2127588"",""au::19884"",""au::19884:1"",""ark:/83110/x0/0a7be828-2e65-544a-be43-c17268c049de"",""Hendrik Vervliet""],""name"":""Hendrik Vervliet"",""ark"":""ark:/83110/x0/0a7be828-2e65-544a-be43-c17268c049de"",""uri"":""/agents/people/2127588"",""id"":""au::19884:1"",""isCapacity"":false}",ark:/83110/x0/0a7be828-2e65-544a-be43-c17268c049de
4a84d2be-78bf-5112-bccf-849985bb9e41,tg:mpmph:57,mpm,mpmph,Foto,e73_CreationActors,0a7be828-2e65-544a-be43-c17268c049de,av,originators (administrative),au::19884,au::19884:1,au::19884g:1,,"dlod={""suggest"":[""/agents/people/2127588"",""au::19884"",""au::19884:1"",""ark:/83110/x0/0a7be828-2e65-544a-be43-c17268c049de"",""Hendrik Vervliet""],""name"":""Hendrik Vervliet"",""ark"":""ark:/83110/x0/0a7be828-2e65-544a-be43-c17268c049de"",""uri"":""/agents/people/2127588"",""id"":""au::19884:1"",""isCapacity"":false}",ark:/83110/x0/0a7be828-2e65-544a-be43-c17268c049de
be985a73-618d-51f7-8dcd-8c76fd204cb8,tg:mpmph:47,mpm,mpmph,Foto,e73_CreationActors,0a7be828-2e65-544a-be43-c17268c049de,av,originators (administrative),au::19884,au::19884:1,au::19884g:1,,"dlod={""suggest"":[""/agents/people/2127588"",""au::19884"",""au::19884:1"",""ark:/83110/x0/0a7be828-2e65-544a-be43-c17268c049de"",""Hendrik Vervliet""],""name"":""Hendrik Vervliet"",""ark"":""ark:/83110/x0/0a7be828-2e65-544a-be43-c17268c049de"",""uri"":""/agents/people/2127588"",""id"":""au::19884:1"",""isCapacity"":false}",ark:/83110/x0/0a7be828-2e65-544a-be43-c17268c049de
b869cf72-6a08-5ca0-9ac7-b8ead7db247b,tg:mpmph:71,mpm,mpmph,Foto,e73_CreationActors,0a7be828-2e65-544a-be43-c17268c049de,av,originators (administrative),au::19884,au::19884:1,au::19884g:1,,"dlod={""suggest"":[""/agents/people/2127588"",""au::19884"",""au::19884:1"",""ark:/83110/x0/0a7be828-2e65-544a-be43-c17268c049de"",""Hendrik Vervliet""],""name"":""Hendrik Vervliet"",""ark"":""ark:/83110/x0/0a7be828-2e65-544a-be43-c17268c049de"",""uri"":""/agents/people/2127588"",""id"":""au::19884:1"",""isCapacity"":false}",ark:/83110/x0/0a7be828-2e65-544a-be43-c17268c049de
8fd08c50-6813-56e4-9bb9-7acd19caa13d,tg:mpmph:61,mpm,mpmph,Foto,e73_CreationActors,0a7be828-2e65-544a-be43-c17268c049de,av,originators (administrative),au::19884,au::19884:1,au::19884g:1,,"dlod={""suggest"":[""/agents/people/2127588"",""au::19884"",""au::19884:1"",""ark:/83110/x0/0a7be828-2e65-544a-be43-c17268c049de"",""Hendrik Vervliet""],""name"":""Hendrik Vervliet"",""ark"":""ark:/83110/x0/0a7be828-2e65-544a-be43-c17268c049de"",""uri"":""/agents/people/2127588"",""id"":""au::19884:1"",""isCapacity"":false}",ark:/83110/x0/0a7be828-2e65-544a-be43-c17268c049de
de60bf3e-8106-5377-b9d7-dfd48da0c477,tg:mpmph:13,mpm,mpmph,Foto,e73_CreationActors,30f37147-b9b1-593a-94ac-a6372ac4c037,fo,photographers,au::20562,au::20562:1,au::20562g:1,,"dlod={""suggest"":[""/agents/corporate_entities/2200134"",""au::20562"",""au::20562:1"",""ark:/83110/x0/30f37147-b9b1-593a-94ac-a6372ac4c037"",""De Volksgazet""],""name"":""De Volksgazet"",""ark"":""ark:/83110/x0/30f37147-b9b1-593a-94ac-a6372ac4c037"",""uri"":""/agents/corporate_entities/2200134"",""id"":""au::20562:1"",""isCapacity"":false}",ark:/83110/x0/30f37147-b9b1-593a-94ac-a6372ac4c037
de60bf3e-8106-5377-b9d7-dfd48da0c477,tg:mpmph:13,mpm,mpmph,Foto,e73_CreationActors,42798d8a-4823-5ee0-95af-a23264d6dc00,av,originators (administrative),au::13308,au::13308:1,au::13308g:1,,"dlod={""suggest"":[""/agents/corporate_entities/1423956"",""au::13308"",""au::13308:1"",""ark:/83110/x0/42798d8a-4823-5ee0-95af-a23264d6dc00"",""Museum Plantin-Moretus""],""name"":""Museum Plantin-Moretus"",""ark"":""ark:/83110/x0/42798d8a-4823-5ee0-95af-a23264d6dc00"",""uri"":""/agents/corporate_entities/1423956"",""id"":""au::13308:1"",""isCapacity"":false}",ark:/83110/x0/42798d8a-4823-5ee0-95af-a23264d6dc00
39449520-06f0-5e6b-99f2-6e8304614e49,tg:mpmph:105,mpm,mpmph,Foto,e73_CreationActors,0a7be828-2e65-544a-be43-c17268c049de,av,originators (administrative),au::19884,au::19884:1,au::19884g:1,,"dlod={""suggest"":[""/agents/people/2127588"",""au::19884"",""au::19884:1"",""ark:/83110/x0/0a7be828-2e65-544a-be43-c17268c049de"",""Hendrik Vervliet""],""name"":""Hendrik Vervliet"",""ark"":""ark:/83110/x0/0a7be828-2e65-544a-be43-c17268c049de"",""uri"":""/agents/people/2127588"",""id"":""au::19884:1"",""isCapacity"":false}",ark:/83110/x0/0a7be828-2e65-544a-be43-c17268c049de
722b81be-58eb-5ee1-afb2-fd90e1f689e0,tg:mpmph:95,mpm,mpmph,Foto,e73_CreationActors,0a7be828-2e65-544a-be43-c17268c049de,av,originators (administrative),au::19884,au::19884:1,au::19884g:1,,"dlod={""suggest"":[""/agents/people/2127588"",""au::19884"",""au::19884:1"",""ark:/83110/x0/0a7be828-2e65-544a-be43-c17268c049de"",""Hendrik Vervliet""],""name"":""Hendrik Vervliet"",""ark"":""ark:/83110/x0/0a7be828-2e65-544a-be43-c17268c049de"",""uri"":""/agents/people/2127588"",""id"":""au::19884:1"",""isCapacity"":false}",ark:/83110/x0/0a7be828-2e65-544a-be43-c17268c049de
b4a763ce-8d74-5371-8c61-5f1e51af8da7,tg:mpmph:85,mpm,mpmph,Foto,e73_CreationActors,0a7be828-2e65-544a-be43-c17268c049de,av,originators (administrative),au::19884,au::19884:1,au::19884g:1,,"dlod={""suggest"":[""/agents/people/2127588"",""au::19884"",""au::19884:1"",""ark:/83110/x0/0a7be828-2e65-544a-be43-c17268c049de"",""Hendrik Vervliet""],""name"":""Hendrik Vervliet"",""ark"":""ark:/83110/x0/0a7be828-2e65-544a-be43-c17268c049de"",""uri"":""/agents/people/2127588"",""id"":""au::19884:1"",""isCapacity"":false}",ark:/83110/x0/0a7be828-2e65-544a-be43-c17268c049de
8aead454-2ce8-5c0b-87eb-221f9edfd0e7,tg:mpmph:60,mpm,mpmph,Foto,e73_CreationActors,0a7be828-2e65-544a-be43-c17268c049de,av,originators (administrative),au::19884,au::19884:1,au::19884g:1,,"dlod={""suggest"":[""/agents/people/2127588"",""au::19884"",""au::19884:1"",""ark:/83110/x0/0a7be828-2e65-544a-be43-c17268c049de"",""Hendrik Vervliet""],""name"":""Hendrik Vervliet"",""ark"":""ark:/83110/x0/0a7be828-2e65-544a-be43-c17268c049de"",""uri"":""/agents/people/2127588"",""id"":""au::19884:1"",""isCapacity"":false}",ark:/83110/x0/0a7be828-2e65-544a-be43-c17268c049de
a2118727-ee17-59e5-8ca7-365fd6cb0e76,tg:mpmph:70,mpm,mpmph,Foto,e73_CreationActors,0a7be828-2e65-544a-be43-c17268c049de,av,originators (administrative),au::19884,au::19884:1,au::19884g:1,,"dlod={""suggest"":[""/agents/people/2127588"",""au::19884"",""au::19884:1"",""ark:/83110/x0/0a7be828-2e65-544a-be43-c17268c049de"",""Hendrik Vervliet""],""name"":""Hendrik Vervliet"",""ark"":""ark:/83110/x0/0a7be828-2e65-544a-be43-c17268c049de"",""uri"":""/agents/people/2127588"",""id"":""au::19884:1"",""isCapacity"":false}",ark:/83110/x0/0a7be828-2e65-544a-be43-c17268c049de
43fae41d-2b9c-5b34-b10c-e558dc89ae43,tg:mpmph:12,mpm,mpmph,Foto,e73_CreationActors,d2a1e3ec-f60a-5b72-a987-a56132888428,fo,photographers,au::4838,au::4838:1,au::4838g:1,,"dlod={""suggest"":[""/agents/corporate_entities/517666"",""au::4838"",""au::4838:1"",""ark:/83110/x0/d2a1e3ec-f60a-5b72-a987-a56132888428"",""De Dag [Dagblad]""],""name"":""De Dag [Dagblad]"",""ark"":""ark:/83110/x0/d2a1e3ec-f60a-5b72-a987-a56132888428"",""uri"":""/agents/corporate_entities/517666"",""id"":""au::4838:1"",""isCapacity"":false}",ark:/83110/x0/d2a1e3ec-f60a-5b72-a987-a56132888428
43fae41d-2b9c-5b34-b10c-e558dc89ae43,tg:mpmph:12,mpm,mpmph,Foto,e73_CreationActors,42798d8a-4823-5ee0-95af-a23264d6dc00,av,originators (administrative),au::13308,au::13308:1,au::13308g:1,,"dlod={""suggest"":[""/agents/corporate_entities/1423956"",""au::13308"",""au::13308:1"",""ark:/83110/x0/42798d8a-4823-5ee0-95af-a23264d6dc00"",""Museum Plantin-Moretus""],""name"":""Museum Plantin-Moretus"",""ark"":""ark:/83110/x0/42798d8a-4823-5ee0-95af-a23264d6dc00"",""uri"":""/agents/corporate_entities/1423956"",""id"":""au::13308:1"",""isCapacity"":false}",ark:/83110/x0/42798d8a-4823-5ee0-95af-a23264d6dc00
163fb131-447e-56b5-90ad-d131f8b511ed,tg:mpmph:104,mpm,mpmph,Foto,e73_CreationActors,0a7be828-2e65-544a-be43-c17268c049de,av,originators (administrative),au::19884,au::19884:1,au::19884g:1,,"dlod={""suggest"":[""/agents/people/2127588"",""au::19884"",""au::19884:1"",""ark:/83110/x0/0a7be828-2e65-544a-be43-c17268c049de"",""Hendrik Vervliet""],""name"":""Hendrik Vervliet"",""ark"":""ark:/83110/x0/0a7be828-2e65-544a-be43-c17268c049de"",""uri"":""/agents/people/2127588"",""id"":""au::19884:1"",""isCapacity"":false}",ark:/83110/x0/0a7be828-2e65-544a-be43-c17268c049de
0432b71a-5ff1-5f3f-a50a-2ddd4ba64778,tg:mpmph:84,mpm,mpmph,Foto,e73_CreationActors,0a7be828-2e65-544a-be43-c17268c049de,av,originators (administrative),au::19884,au::19884:1,au::19884g:1,,"dlod={""suggest"":[""/agents/people/2127588"",""au::19884"",""au::19884:1"",""ark:/83110/x0/0a7be828-2e65-544a-be43-c17268c049de"",""Hendrik Vervliet""],""name"":""Hendrik Vervliet"",""ark"":""ark:/83110/x0/0a7be828-2e65-544a-be43-c17268c049de"",""uri"":""/agents/people/2127588"",""id"":""au::19884:1"",""isCapacity"":false}",ark:/83110/x0/0a7be828-2e65-544a-be43-c17268c049de
a62d28af-de06-5e81-bafa-e0ad618874e4,tg:mpmph:94,mpm,mpmph,Foto,e73_CreationActors,0a7be828-2e65-544a-be43-c17268c049de,av,originators (administrative),au::19884,au::19884:1,au::19884g:1,,"dlod={""suggest"":[""/agents/people/2127588"",""au::19884"",""au::19884:1"",""ark:/83110/x0/0a7be828-2e65-544a-be43-c17268c049de"",""Hendrik Vervliet""],""name"":""Hendrik Vervliet"",""ark"":""ark:/83110/x0/0a7be828-2e65-544a-be43-c17268c049de"",""uri"":""/agents/people/2127588"",""id"":""au::19884:1"",""isCapacity"":false}",ark:/83110/x0/0a7be828-2e65-544a-be43-c17268c049de
dc54db9b-5e1a-5ec0-b0fa-e841ee18ddd4,tg:mpmph:79,mpm,mpmph,Foto,e73_CreationActors,0a7be828-2e65-544a-be43-c17268c049de,av,originators (administrative),au::19884,au::19884:1,au::19884g:1,,"dlod={""suggest"":[""/agents/people/2127588"",""au::19884"",""au::19884:1"",""ark:/83110/x0/0a7be828-2e65-544a-be43-c17268c049de"",""Hendrik Vervliet""],""name"":""Hendrik Vervliet"",""ark"":""ark:/83110/x0/0a7be828-2e65-544a-be43-c17268c049de"",""uri"":""/agents/people/2127588"",""id"":""au::19884:1"",""isCapacity"":false}",ark:/83110/x0/0a7be828-2e65-544a-be43-c17268c049de
f302ed82-628d-5aed-9fff-5b5988d4b907,tg:mpmph:69,mpm,mpmph,Foto,e73_CreationActors,0a7be828-2e65-544a-be43-c17268c049de,av,originators (administrative),au::19884,au::19884:1,au::19884g:1,,"dlod={""suggest"":[""/agents/people/2127588"",""au::19884"",""au::19884:1"",""ark:/83110/x0/0a7be828-2e65-544a-be43-c17268c049de"",""Hendrik Vervliet""],""name"":""Hendrik Vervliet"",""ark"":""ark:/83110/x0/0a7be828-2e65-544a-be43-c17268c049de"",""uri"":""/agents/people/2127588"",""id"":""au::19884:1"",""isCapacity"":false}",ark:/83110/x0/0a7be828-2e65-544a-be43-c17268c049de
646f1a58-cbb8-5ddb-bfa2-e0caee1a036f,tg:mpmph:24,mpm,mpmph,Foto,e73_CreationActors,0a7be828-2e65-544a-be43-c17268c049de,av,originators (administrative),au::19884,au::19884:1,au::19884g:1,,"dlod={""suggest"":[""/agents/people/2127588"",""au::19884"",""au::19884:1"",""ark:/83110/x0/0a7be828-2e65-544a-be43-c17268c049de"",""Hendrik Vervliet""],""name"":""Hendrik Vervliet"",""ark"":""ark:/83110/x0/0a7be828-2e65-544a-be43-c17268c049de"",""uri"":""/agents/people/2127588"",""id"":""au::19884:1"",""isCapacity"":false}",ark:/83110/x0/0a7be828-2e65-544a-be43-c17268c049de
9bed1aae-f750-5292-b08d-0a4568e0ffca,tg:mpmph:34,mpm,mpmph,Foto,e73_CreationActors,0a7be828-2e65-544a-be43-c17268c049de,av,originators (administrative),au::19884,au::19884:1,au::19884g:1,,"dlod={""suggest"":[""/agents/people/2127588"",""au::19884"",""au::19884:1"",""ark:/83110/x0/0a7be828-2e65-544a-be43-c17268c049de"",""Hendrik Vervliet""],""name"":""Hendrik Vervliet"",""ark"":""ark:/83110/x0/0a7be828-2e65-544a-be43-c17268c049de"",""uri"":""/agents/people/2127588"",""id"":""au::19884:1"",""isCapacity"":false}",ark:/83110/x0/0a7be828-2e65-544a-be43-c17268c049de
ea9728e0-875d-55d4-ac4b-03c5125b6707,tg:mpmph:46,mpm,mpmph,Foto,e73_CreationActors,0a7be828-2e65-544a-be43-c17268c049de,av,originators (administrative),au::19884,au::19884:1,au::19884g:1,,"dlod={""suggest"":[""/agents/people/2127588"",""au::19884"",""au::19884:1"",""ark:/83110/x0/0a7be828-2e65-544a-be43-c17268c049de"",""Hendrik Vervliet""],""name"":""Hendrik Vervliet"",""ark"":""ark:/83110/x0/0a7be828-2e65-544a-be43-c17268c049de"",""uri"":""/agents/people/2127588"",""id"":""au::19884:1"",""isCapacity"":false}",ark:/83110/x0/0a7be828-2e65-544a-be43-c17268c049de
028e6a97-ddf1-5311-86ec-ef5b357a7a4b,tg:mpmph:56,mpm,mpmph,Foto,e73_CreationActors,0a7be828-2e65-544a-be43-c17268c049de,av,originators (administrative),au::19884,au::19884:1,au::19884g:1,,"dlod={""suggest"":[""/agents/people/2127588"",""au::19884"",""au::19884:1"",""ark:/83110/x0/0a7be828-2e65-544a-be43-c17268c049de"",""Hendrik Vervliet""],""name"":""Hendrik Vervliet"",""ark"":""ark:/83110/x0/0a7be828-2e65-544a-be43-c17268c049de"",""uri"":""/agents/people/2127588"",""id"":""au::19884:1"",""isCapacity"":false}",ark:/83110/x0/0a7be828-2e65-544a-be43-c17268c049de
